,ltable_id,rtable_id
0,534,534
1,595,534
2,617,534
3,685,534
4,698,534
5,808,534
6,845,534
7,918,534
8,952,534
9,955,534
10,535,535
11,536,536
12,970,536
13,974,536
14,1007,536
15,1023,536
16,1036,536
17,537,537
18,560,537
19,561,537
20,585,537
21,590,537
22,599,537
23,602,537
24,623,537
25,631,537
26,642,537
27,657,537
28,663,537
29,674,537
30,708,537
31,732,537
32,735,537
33,736,537
34,737,537
35,738,537
36,739,537
37,740,537
38,741,537
39,759,537
40,760,537
41,766,537
42,771,537
43,776,537
44,777,537
45,786,537
46,797,537
47,805,537
48,835,537
49,842,537
50,846,537
51,865,537
52,888,537
53,905,537
54,921,537
55,954,537
56,966,537
57,967,537
58,993,537
59,995,537
60,996,537
61,1007,537
62,1046,537
63,1049,537
64,1050,537
65,1051,537
66,1066,537
67,538,538
68,539,539
69,543,539
70,597,539
71,699,539
72,833,539
73,540,540
74,541,541
75,542,542
76,539,543
77,543,543
78,549,543
79,551,543
80,568,543
81,569,543
82,581,543
83,595,543
84,597,543
85,618,543
86,653,543
87,675,543
88,677,543
89,695,543
90,699,543
91,703,543
92,716,543
93,732,543
94,752,543
95,755,543
96,803,543
97,811,543
98,859,543
99,879,543
100,894,543
101,895,543
102,898,543
103,924,543
104,927,543
105,928,543
106,932,543
107,960,543
108,983,543
109,1012,543
110,1053,543
111,1054,543
112,1066,543
113,544,544
114,625,544
115,644,544
116,684,544
117,697,544
118,732,544
119,798,544
120,817,544
121,885,544
122,926,544
123,545,545
124,546,546
125,575,546
126,603,546
127,611,546
128,681,546
129,682,546
130,820,546
131,821,546
132,822,546
133,823,546
134,824,546
135,825,546
136,826,546
137,827,546
138,1025,546
139,1026,546
140,547,547
141,548,548
142,543,549
143,549,549
144,551,549
145,595,549
146,597,549
147,695,549
148,703,549
149,894,549
150,895,549
151,927,549
152,928,549
153,960,549
154,983,549
155,1054,549
156,550,550
157,543,551
158,549,551
159,551,551
160,595,551
161,597,551
162,695,551
163,703,551
164,894,551
165,895,551
166,927,551
167,928,551
168,960,551
169,983,551
170,1054,551
171,552,552
172,652,552
173,657,552
174,692,552
175,963,552
176,991,552
177,1016,552
178,1045,552
179,1064,552
180,553,553
181,647,553
182,649,553
183,676,553
184,748,553
185,772,553
186,802,553
187,818,553
188,1017,553
189,1059,553
190,554,554
191,555,555
192,556,556
193,933,556
194,1063,556
195,557,557
196,579,557
197,800,557
198,895,557
199,908,557
200,1001,557
201,558,558
202,559,559
203,537,560
204,560,560
205,561,560
206,585,560
207,590,560
208,599,560
209,602,560
210,623,560
211,631,560
212,642,560
213,657,560
214,663,560
215,674,560
216,708,560
217,732,560
218,735,560
219,736,560
220,737,560
221,738,560
222,739,560
223,740,560
224,741,560
225,759,560
226,760,560
227,766,560
228,771,560
229,776,560
230,777,560
231,786,560
232,797,560
233,805,560
234,835,560
235,842,560
236,846,560
237,865,560
238,888,560
239,905,560
240,921,560
241,954,560
242,966,560
243,967,560
244,995,560
245,996,560
246,1007,560
247,1046,560
248,1049,560
249,1050,560
250,1051,560
251,1066,560
252,537,561
253,560,561
254,561,561
255,585,561
256,590,561
257,599,561
258,602,561
259,623,561
260,631,561
261,642,561
262,657,561
263,663,561
264,674,561
265,708,561
266,732,561
267,735,561
268,736,561
269,737,561
270,738,561
271,739,561
272,740,561
273,741,561
274,759,561
275,760,561
276,766,561
277,771,561
278,776,561
279,777,561
280,786,561
281,797,561
282,805,561
283,835,561
284,842,561
285,846,561
286,865,561
287,888,561
288,905,561
289,921,561
290,954,561
291,966,561
292,967,561
293,995,561
294,996,561
295,1002,561
296,1007,561
297,1046,561
298,1049,561
299,1050,561
300,1051,561
301,1066,561
302,562,562
303,563,563
304,592,563
305,654,563
306,886,563
307,564,564
308,565,565
309,566,566
310,567,567
311,543,568
312,568,568
313,569,568
314,581,568
315,589,568
316,618,568
317,620,568
318,624,568
319,644,568
320,653,568
321,664,568
322,668,568
323,675,568
324,677,568
325,716,568
326,732,568
327,752,568
328,755,568
329,803,568
330,811,568
331,879,568
332,898,568
333,924,568
334,932,568
335,1012,568
336,1053,568
337,1066,568
338,543,569
339,568,569
340,569,569
341,581,569
342,618,569
343,653,569
344,675,569
345,677,569
346,716,569
347,722,569
348,732,569
349,752,569
350,755,569
351,787,569
352,803,569
353,811,569
354,842,569
355,843,569
356,879,569
357,881,569
358,885,569
359,898,569
360,924,569
361,932,569
362,943,569
363,947,569
364,953,569
365,1012,569
366,1053,569
367,1066,569
368,570,570
369,597,570
370,784,570
371,829,570
372,571,571
373,572,572
374,573,573
375,574,573
376,619,573
377,638,573
378,737,573
379,751,573
380,816,573
381,936,573
382,573,574
383,574,574
384,619,574
385,638,574
386,737,574
387,751,574
388,816,574
389,936,574
390,546,575
391,575,575
392,603,575
393,611,575
394,681,575
395,682,575
396,820,575
397,821,575
398,822,575
399,823,575
400,824,575
401,825,575
402,826,575
403,827,575
404,1025,575
405,1026,575
406,576,576
407,828,576
408,577,577
409,578,578
410,557,579
411,579,579
412,688,579
413,800,579
414,835,579
415,895,579
416,908,579
417,1001,579
418,580,580
419,543,581
420,568,581
421,569,581
422,581,581
423,618,581
424,653,581
425,675,581
426,677,581
427,716,581
428,732,581
429,752,581
430,755,581
431,803,581
432,811,581
433,879,581
434,898,581
435,924,581
436,932,581
437,1012,581
438,1053,581
439,1066,581
440,582,582
441,942,582
442,583,583
443,603,583
444,584,584
445,537,585
446,560,585
447,561,585
448,585,585
449,590,585
450,592,585
451,599,585
452,602,585
453,623,585
454,631,585
455,642,585
456,657,585
457,663,585
458,674,585
459,688,585
460,708,585
461,732,585
462,735,585
463,736,585
464,737,585
465,738,585
466,739,585
467,740,585
468,741,585
469,759,585
470,760,585
471,766,585
472,771,585
473,776,585
474,777,585
475,786,585
476,797,585
477,805,585
478,835,585
479,842,585
480,846,585
481,865,585
482,888,585
483,905,585
484,921,585
485,954,585
486,966,585
487,967,585
488,995,585
489,996,585
490,1007,585
491,1027,585
492,1046,585
493,1049,585
494,1050,585
495,1051,585
496,1066,585
497,586,586
498,587,587
499,588,588
500,568,589
501,589,589
502,620,589
503,624,589
504,644,589
505,664,589
506,668,589
507,537,590
508,560,590
509,561,590
510,585,590
511,590,590
512,599,590
513,602,590
514,623,590
515,631,590
516,642,590
517,657,590
518,663,590
519,674,590
520,708,590
521,732,590
522,735,590
523,736,590
524,737,590
525,738,590
526,739,590
527,740,590
528,741,590
529,759,590
530,760,590
531,766,590
532,771,590
533,776,590
534,777,590
535,786,590
536,797,590
537,800,590
538,805,590
539,835,590
540,842,590
541,846,590
542,865,590
543,888,590
544,905,590
545,921,590
546,954,590
547,966,590
548,967,590
549,995,590
550,996,590
551,1007,590
552,1046,590
553,1049,590
554,1050,590
555,1051,590
556,1066,590
557,591,591
558,876,591
559,563,592
560,585,592
561,592,592
562,605,592
563,654,592
564,688,592
565,886,592
566,593,593
567,594,594
568,708,594
569,909,594
570,534,595
571,543,595
572,549,595
573,551,595
574,595,595
575,597,595
576,617,595
577,695,595
578,698,595
579,703,595
580,808,595
581,894,595
582,895,595
583,918,595
584,927,595
585,928,595
586,952,595
587,955,595
588,960,595
589,983,595
590,1054,595
591,596,596
592,539,597
593,543,597
594,549,597
595,551,597
596,570,597
597,595,597
598,597,597
599,695,597
600,699,597
601,703,597
602,784,597
603,829,597
604,894,597
605,895,597
606,927,597
607,928,597
608,960,597
609,983,597
610,1054,597
611,598,598
612,537,599
613,560,599
614,561,599
615,585,599
616,590,599
617,599,599
618,602,599
619,623,599
620,631,599
621,642,599
622,657,599
623,663,599
624,674,599
625,708,599
626,732,599
627,735,599
628,736,599
629,737,599
630,738,599
631,739,599
632,740,599
633,741,599
634,759,599
635,760,599
636,766,599
637,771,599
638,776,599
639,777,599
640,786,599
641,797,599
642,805,599
643,835,599
644,842,599
645,846,599
646,865,599
647,888,599
648,905,599
649,921,599
650,954,599
651,966,599
652,967,599
653,995,599
654,996,599
655,1007,599
656,1046,599
657,1049,599
658,1050,599
659,1051,599
660,1066,599
661,600,600
662,601,601
663,537,602
664,560,602
665,561,602
666,585,602
667,590,602
668,599,602
669,602,602
670,623,602
671,631,602
672,642,602
673,657,602
674,663,602
675,674,602
676,708,602
677,732,602
678,735,602
679,736,602
680,737,602
681,738,602
682,739,602
683,740,602
684,741,602
685,759,602
686,760,602
687,766,602
688,771,602
689,776,602
690,777,602
691,786,602
692,797,602
693,805,602
694,835,602
695,842,602
696,846,602
697,865,602
698,888,602
699,905,602
700,921,602
701,954,602
702,966,602
703,967,602
704,995,602
705,996,602
706,1007,602
707,1046,602
708,1049,602
709,1050,602
710,1051,602
711,1066,602
712,546,603
713,575,603
714,583,603
715,603,603
716,611,603
717,681,603
718,682,603
719,820,603
720,821,603
721,822,603
722,823,603
723,824,603
724,825,603
725,826,603
726,827,603
727,1025,603
728,1026,603
729,604,604
730,841,604
731,972,604
732,977,604
733,1005,604
734,1023,604
735,592,605
736,605,605
737,615,605
738,710,605
739,833,605
740,885,605
741,1012,605
742,1016,605
743,606,606
744,637,606
745,698,606
746,847,606
747,866,606
748,875,606
749,1018,606
750,607,607
751,608,608
752,609,609
753,610,610
754,546,611
755,575,611
756,603,611
757,611,611
758,681,611
759,682,611
760,820,611
761,821,611
762,822,611
763,823,611
764,824,611
765,825,611
766,826,611
767,827,611
768,1025,611
769,1026,611
770,612,612
771,623,612
772,624,612
773,918,612
774,927,612
775,965,612
776,979,612
777,982,612
778,1004,612
779,613,613
780,614,614
781,605,615
782,615,615
783,616,616
784,1054,616
785,534,617
786,595,617
787,617,617
788,698,617
789,808,617
790,918,617
791,952,617
792,955,617
793,1033,617
794,543,618
795,568,618
796,569,618
797,581,618
798,618,618
799,653,618
800,675,618
801,677,618
802,716,618
803,732,618
804,752,618
805,755,618
806,803,618
807,811,618
808,879,618
809,898,618
810,924,618
811,932,618
812,1012,618
813,1053,618
814,1066,618
815,573,619
816,574,619
817,619,619
818,638,619
819,737,619
820,751,619
821,816,619
822,936,619
823,568,620
824,589,620
825,620,620
826,624,620
827,644,620
828,664,620
829,668,620
830,621,621
831,732,621
832,622,622
833,644,622
834,732,622
835,798,622
836,842,622
837,881,622
838,950,622
839,953,622
840,537,623
841,560,623
842,561,623
843,585,623
844,590,623
845,599,623
846,602,623
847,612,623
848,623,623
849,624,623
850,625,623
851,631,623
852,642,623
853,644,623
854,657,623
855,663,623
856,674,623
857,708,623
858,732,623
859,735,623
860,736,623
861,737,623
862,738,623
863,739,623
864,740,623
865,741,623
866,759,623
867,760,623
868,766,623
869,771,623
870,776,623
871,777,623
872,786,623
873,797,623
874,805,623
875,835,623
876,842,623
877,846,623
878,865,623
879,888,623
880,905,623
881,918,623
882,921,623
883,927,623
884,954,623
885,966,623
886,967,623
887,995,623
888,996,623
889,1007,623
890,1046,623
891,1049,623
892,1050,623
893,1051,623
894,1066,623
895,568,624
896,589,624
897,612,624
898,620,624
899,623,624
900,624,624
901,625,624
902,644,624
903,664,624
904,668,624
905,690,624
906,918,624
907,927,624
908,544,625
909,623,625
910,624,625
911,625,625
912,644,625
913,684,625
914,697,625
915,732,625
916,798,625
917,817,625
918,885,625
919,917,625
920,926,625
921,626,626
922,627,627
923,628,628
924,629,629
925,630,630
926,537,631
927,560,631
928,561,631
929,585,631
930,590,631
931,599,631
932,602,631
933,623,631
934,631,631
935,642,631
936,657,631
937,663,631
938,674,631
939,708,631
940,732,631
941,735,631
942,736,631
943,737,631
944,738,631
945,739,631
946,740,631
947,741,631
948,759,631
949,760,631
950,766,631
951,771,631
952,776,631
953,777,631
954,786,631
955,797,631
956,805,631
957,835,631
958,842,631
959,846,631
960,865,631
961,888,631
962,905,631
963,921,631
964,954,631
965,966,631
966,967,631
967,995,631
968,996,631
969,1007,631
970,1046,631
971,1049,631
972,1050,631
973,1051,631
974,1066,631
975,632,632
976,717,632
977,633,633
978,753,633
979,634,634
980,781,634
981,635,635
982,636,636
983,606,637
984,637,637
985,698,637
986,847,637
987,866,637
988,875,637
989,915,637
990,950,637
991,1018,637
992,573,638
993,574,638
994,619,638
995,638,638
996,737,638
997,751,638
998,816,638
999,936,638
1000,639,639
1001,640,640
1002,641,641
1003,776,641
1004,970,641
1005,537,642
1006,560,642
1007,561,642
1008,585,642
1009,590,642
1010,599,642
1011,602,642
1012,623,642
1013,631,642
1014,642,642
1015,657,642
1016,663,642
1017,674,642
1018,708,642
1019,732,642
1020,735,642
1021,736,642
1022,737,642
1023,738,642
1024,739,642
1025,740,642
1026,741,642
1027,759,642
1028,760,642
1029,766,642
1030,771,642
1031,776,642
1032,777,642
1033,786,642
1034,797,642
1035,805,642
1036,835,642
1037,842,642
1038,846,642
1039,865,642
1040,888,642
1041,905,642
1042,921,642
1043,954,642
1044,966,642
1045,967,642
1046,995,642
1047,996,642
1048,1007,642
1049,1046,642
1050,1049,642
1051,1050,642
1052,1051,642
1053,1066,642
1054,643,643
1055,544,644
1056,568,644
1057,589,644
1058,620,644
1059,622,644
1060,623,644
1061,624,644
1062,625,644
1063,644,644
1064,664,644
1065,668,644
1066,684,644
1067,690,644
1068,697,644
1069,732,644
1070,798,644
1071,817,644
1072,842,644
1073,881,644
1074,885,644
1075,926,644
1076,950,644
1077,953,644
1078,645,645
1079,646,646
1080,553,647
1081,647,647
1082,676,647
1083,802,647
1084,1017,647
1085,648,648
1086,696,648
1087,553,649
1088,649,649
1089,748,649
1090,772,649
1091,818,649
1092,1059,649
1093,650,650
1094,651,651
1095,552,652
1096,652,652
1097,836,652
1098,959,652
1099,963,652
1100,991,652
1101,1005,652
1102,1016,652
1103,1045,652
1104,1064,652
1105,543,653
1106,568,653
1107,569,653
1108,581,653
1109,618,653
1110,653,653
1111,675,653
1112,677,653
1113,716,653
1114,732,653
1115,752,653
1116,755,653
1117,803,653
1118,811,653
1119,879,653
1120,898,653
1121,924,653
1122,932,653
1123,1012,653
1124,1053,653
1125,1066,653
1126,563,654
1127,592,654
1128,654,654
1129,886,654
1130,655,655
1131,656,656
1132,537,657
1133,552,657
1134,560,657
1135,561,657
1136,585,657
1137,590,657
1138,599,657
1139,602,657
1140,623,657
1141,631,657
1142,642,657
1143,657,657
1144,663,657
1145,674,657
1146,692,657
1147,708,657
1148,732,657
1149,735,657
1150,736,657
1151,737,657
1152,738,657
1153,739,657
1154,740,657
1155,741,657
1156,759,657
1157,760,657
1158,766,657
1159,771,657
1160,776,657
1161,777,657
1162,786,657
1163,797,657
1164,805,657
1165,835,657
1166,842,657
1167,846,657
1168,865,657
1169,888,657
1170,905,657
1171,921,657
1172,954,657
1173,966,657
1174,967,657
1175,995,657
1176,996,657
1177,1007,657
1178,1046,657
1179,1049,657
1180,1050,657
1181,1051,657
1182,1066,657
1183,658,658
1184,878,658
1185,884,658
1186,901,658
1187,947,658
1188,951,658
1189,958,658
1190,997,658
1191,659,659
1192,660,660
1193,661,661
1194,662,662
1195,537,663
1196,560,663
1197,561,663
1198,585,663
1199,590,663
1200,599,663
1201,602,663
1202,623,663
1203,631,663
1204,642,663
1205,657,663
1206,663,663
1207,674,663
1208,708,663
1209,732,663
1210,735,663
1211,736,663
1212,737,663
1213,738,663
1214,739,663
1215,740,663
1216,741,663
1217,759,663
1218,760,663
1219,766,663
1220,771,663
1221,776,663
1222,777,663
1223,786,663
1224,797,663
1225,805,663
1226,835,663
1227,842,663
1228,846,663
1229,865,663
1230,888,663
1231,905,663
1232,921,663
1233,954,663
1234,966,663
1235,967,663
1236,995,663
1237,996,663
1238,1007,663
1239,1046,663
1240,1049,663
1241,1050,663
1242,1051,663
1243,1066,663
1244,568,664
1245,589,664
1246,620,664
1247,624,664
1248,644,664
1249,664,664
1250,668,664
1251,690,664
1252,665,665
1253,666,666
1254,667,667
1255,568,668
1256,589,668
1257,620,668
1258,624,668
1259,644,668
1260,664,668
1261,668,668
1262,669,669
1263,670,670
1264,671,671
1265,767,671
1266,672,672
1267,673,673
1268,537,674
1269,560,674
1270,561,674
1271,585,674
1272,590,674
1273,599,674
1274,602,674
1275,623,674
1276,631,674
1277,642,674
1278,657,674
1279,663,674
1280,674,674
1281,708,674
1282,732,674
1283,735,674
1284,736,674
1285,737,674
1286,738,674
1287,739,674
1288,740,674
1289,741,674
1290,759,674
1291,760,674
1292,766,674
1293,771,674
1294,776,674
1295,777,674
1296,786,674
1297,797,674
1298,805,674
1299,835,674
1300,842,674
1301,846,674
1302,865,674
1303,888,674
1304,905,674
1305,921,674
1306,954,674
1307,966,674
1308,967,674
1309,995,674
1310,996,674
1311,1007,674
1312,1046,674
1313,1049,674
1314,1050,674
1315,1051,674
1316,1066,674
1317,543,675
1318,568,675
1319,569,675
1320,581,675
1321,618,675
1322,653,675
1323,675,675
1324,677,675
1325,716,675
1326,717,675
1327,722,675
1328,732,675
1329,752,675
1330,755,675
1331,787,675
1332,803,675
1333,811,675
1334,842,675
1335,843,675
1336,879,675
1337,881,675
1338,885,675
1339,898,675
1340,924,675
1341,932,675
1342,943,675
1343,947,675
1344,953,675
1345,1012,675
1346,1053,675
1347,1066,675
1348,553,676
1349,647,676
1350,676,676
1351,802,676
1352,1017,676
1353,543,677
1354,568,677
1355,569,677
1356,581,677
1357,618,677
1358,653,677
1359,675,677
1360,677,677
1361,716,677
1362,732,677
1363,752,677
1364,755,677
1365,803,677
1366,811,677
1367,879,677
1368,898,677
1369,924,677
1370,932,677
1371,1012,677
1372,1053,677
1373,1066,677
1374,678,678
1375,679,679
1376,680,680
1377,546,681
1378,575,681
1379,603,681
1380,611,681
1381,681,681
1382,682,681
1383,820,681
1384,821,681
1385,822,681
1386,823,681
1387,824,681
1388,825,681
1389,826,681
1390,827,681
1391,1025,681
1392,1026,681
1393,546,682
1394,575,682
1395,603,682
1396,611,682
1397,681,682
1398,682,682
1399,820,682
1400,821,682
1401,822,682
1402,823,682
1403,824,682
1404,825,682
1405,826,682
1406,827,682
1407,1025,682
1408,1026,682
1409,683,683
1410,896,683
1411,544,684
1412,625,684
1413,644,684
1414,684,684
1415,697,684
1416,732,684
1417,798,684
1418,817,684
1419,885,684
1420,926,684
1421,534,685
1422,685,685
1423,845,685
1424,686,686
1425,698,686
1426,687,687
1427,579,688
1428,585,688
1429,592,688
1430,688,688
1431,689,689
1432,955,689
1433,624,690
1434,644,690
1435,664,690
1436,690,690
1437,1036,690
1438,691,691
1439,552,692
1440,657,692
1441,692,692
1442,863,692
1443,693,693
1444,694,694
1445,543,695
1446,549,695
1447,551,695
1448,595,695
1449,597,695
1450,695,695
1451,703,695
1452,894,695
1453,895,695
1454,927,695
1455,928,695
1456,929,695
1457,947,695
1458,948,695
1459,960,695
1460,983,695
1461,1054,695
1462,648,696
1463,696,696
1464,544,697
1465,625,697
1466,644,697
1467,684,697
1468,697,697
1469,732,697
1470,798,697
1471,817,697
1472,885,697
1473,926,697
1474,534,698
1475,595,698
1476,606,698
1477,617,698
1478,637,698
1479,686,698
1480,698,698
1481,808,698
1482,847,698
1483,866,698
1484,875,698
1485,918,698
1486,952,698
1487,955,698
1488,1018,698
1489,539,699
1490,543,699
1491,597,699
1492,699,699
1493,833,699
1494,700,700
1495,701,701
1496,702,702
1497,543,703
1498,549,703
1499,551,703
1500,595,703
1501,597,703
1502,695,703
1503,703,703
1504,721,703
1505,894,703
1506,895,703
1507,927,703
1508,928,703
1509,960,703
1510,977,703
1511,983,703
1512,1054,703
1513,704,704
1514,705,705
1515,706,706
1516,707,707
1517,537,708
1518,560,708
1519,561,708
1520,585,708
1521,590,708
1522,594,708
1523,599,708
1524,602,708
1525,623,708
1526,631,708
1527,642,708
1528,657,708
1529,663,708
1530,674,708
1531,708,708
1532,732,708
1533,735,708
1534,736,708
1535,737,708
1536,738,708
1537,739,708
1538,740,708
1539,741,708
1540,759,708
1541,760,708
1542,766,708
1543,771,708
1544,776,708
1545,777,708
1546,786,708
1547,797,708
1548,805,708
1549,835,708
1550,842,708
1551,846,708
1552,865,708
1553,888,708
1554,905,708
1555,909,708
1556,921,708
1557,954,708
1558,966,708
1559,967,708
1560,995,708
1561,996,708
1562,1007,708
1563,1046,708
1564,1049,708
1565,1050,708
1566,1051,708
1567,1066,708
1568,709,709
1569,605,710
1570,710,710
1571,833,710
1572,885,710
1573,1012,710
1574,1016,710
1575,711,711
1576,712,712
1577,713,713
1578,714,714
1579,715,715
1580,543,716
1581,568,716
1582,569,716
1583,581,716
1584,618,716
1585,653,716
1586,675,716
1587,677,716
1588,716,716
1589,732,716
1590,752,716
1591,755,716
1592,803,716
1593,811,716
1594,879,716
1595,898,716
1596,924,716
1597,932,716
1598,1012,716
1599,1053,716
1600,1066,716
1601,632,717
1602,675,717
1603,717,717
1604,718,718
1605,719,719
1606,720,720
1607,703,721
1608,721,721
1609,977,721
1610,569,722
1611,675,722
1612,722,722
1613,752,722
1614,787,722
1615,842,722
1616,843,722
1617,881,722
1618,885,722
1619,943,722
1620,947,722
1621,953,722
1622,723,723
1623,724,724
1624,725,725
1625,958,725
1626,726,726
1627,727,727
1628,728,728
1629,729,729
1630,730,730
1631,931,730
1632,731,731
1633,537,732
1634,543,732
1635,544,732
1636,560,732
1637,561,732
1638,568,732
1639,569,732
1640,581,732
1641,585,732
1642,590,732
1643,599,732
1644,602,732
1645,618,732
1646,621,732
1647,622,732
1648,623,732
1649,625,732
1650,631,732
1651,642,732
1652,644,732
1653,653,732
1654,657,732
1655,663,732
1656,674,732
1657,675,732
1658,677,732
1659,684,732
1660,697,732
1661,708,732
1662,716,732
1663,732,732
1664,735,732
1665,736,732
1666,737,732
1667,738,732
1668,739,732
1669,740,732
1670,741,732
1671,752,732
1672,755,732
1673,759,732
1674,760,732
1675,766,732
1676,771,732
1677,776,732
1678,777,732
1679,786,732
1680,797,732
1681,798,732
1682,803,732
1683,805,732
1684,811,732
1685,817,732
1686,835,732
1687,842,732
1688,846,732
1689,865,732
1690,879,732
1691,881,732
1692,885,732
1693,888,732
1694,898,732
1695,905,732
1696,921,732
1697,924,732
1698,926,732
1699,932,732
1700,950,732
1701,953,732
1702,954,732
1703,966,732
1704,967,732
1705,995,732
1706,996,732
1707,1007,732
1708,1012,732
1709,1027,732
1710,1046,732
1711,1049,732
1712,1050,732
1713,1051,732
1714,1053,732
1715,1066,732
1716,733,733
1717,734,734
1718,537,735
1719,560,735
1720,561,735
1721,585,735
1722,590,735
1723,599,735
1724,602,735
1725,623,735
1726,631,735
1727,642,735
1728,657,735
1729,663,735
1730,674,735
1731,708,735
1732,732,735
1733,735,735
1734,736,735
1735,737,735
1736,738,735
1737,739,735
1738,740,735
1739,741,735
1740,759,735
1741,760,735
1742,766,735
1743,771,735
1744,776,735
1745,777,735
1746,786,735
1747,797,735
1748,805,735
1749,835,735
1750,842,735
1751,846,735
1752,865,735
1753,888,735
1754,905,735
1755,921,735
1756,954,735
1757,966,735
1758,967,735
1759,995,735
1760,996,735
1761,1007,735
1762,1046,735
1763,1049,735
1764,1050,735
1765,1051,735
1766,1066,735
1767,537,736
1768,560,736
1769,561,736
1770,585,736
1771,590,736
1772,599,736
1773,602,736
1774,623,736
1775,631,736
1776,642,736
1777,657,736
1778,663,736
1779,674,736
1780,708,736
1781,732,736
1782,735,736
1783,736,736
1784,737,736
1785,738,736
1786,739,736
1787,740,736
1788,741,736
1789,759,736
1790,760,736
1791,766,736
1792,771,736
1793,776,736
1794,777,736
1795,786,736
1796,797,736
1797,805,736
1798,835,736
1799,842,736
1800,846,736
1801,865,736
1802,888,736
1803,905,736
1804,921,736
1805,954,736
1806,966,736
1807,967,736
1808,995,736
1809,996,736
1810,1007,736
1811,1046,736
1812,1049,736
1813,1050,736
1814,1051,736
1815,1066,736
1816,537,737
1817,560,737
1818,561,737
1819,573,737
1820,574,737
1821,585,737
1822,590,737
1823,599,737
1824,602,737
1825,619,737
1826,623,737
1827,631,737
1828,638,737
1829,642,737
1830,657,737
1831,663,737
1832,674,737
1833,708,737
1834,732,737
1835,735,737
1836,736,737
1837,737,737
1838,738,737
1839,739,737
1840,740,737
1841,741,737
1842,751,737
1843,759,737
1844,760,737
1845,766,737
1846,771,737
1847,776,737
1848,777,737
1849,786,737
1850,797,737
1851,805,737
1852,816,737
1853,835,737
1854,842,737
1855,846,737
1856,865,737
1857,888,737
1858,905,737
1859,921,737
1860,936,737
1861,954,737
1862,966,737
1863,967,737
1864,995,737
1865,996,737
1866,1007,737
1867,1046,737
1868,1049,737
1869,1050,737
1870,1051,737
1871,1066,737
1872,537,738
1873,560,738
1874,561,738
1875,585,738
1876,590,738
1877,599,738
1878,602,738
1879,623,738
1880,631,738
1881,642,738
1882,657,738
1883,663,738
1884,674,738
1885,708,738
1886,732,738
1887,735,738
1888,736,738
1889,737,738
1890,738,738
1891,739,738
1892,740,738
1893,741,738
1894,759,738
1895,760,738
1896,766,738
1897,771,738
1898,776,738
1899,777,738
1900,786,738
1901,797,738
1902,805,738
1903,835,738
1904,842,738
1905,846,738
1906,865,738
1907,888,738
1908,905,738
1909,921,738
1910,954,738
1911,966,738
1912,967,738
1913,995,738
1914,996,738
1915,1007,738
1916,1046,738
1917,1049,738
1918,1050,738
1919,1051,738
1920,1066,738
1921,537,739
1922,560,739
1923,561,739
1924,585,739
1925,590,739
1926,599,739
1927,602,739
1928,623,739
1929,631,739
1930,642,739
1931,657,739
1932,663,739
1933,674,739
1934,708,739
1935,732,739
1936,735,739
1937,736,739
1938,737,739
1939,738,739
1940,739,739
1941,740,739
1942,741,739
1943,759,739
1944,760,739
1945,766,739
1946,771,739
1947,776,739
1948,777,739
1949,786,739
1950,797,739
1951,805,739
1952,835,739
1953,842,739
1954,846,739
1955,865,739
1956,888,739
1957,905,739
1958,921,739
1959,954,739
1960,966,739
1961,967,739
1962,995,739
1963,996,739
1964,1007,739
1965,1046,739
1966,1049,739
1967,1050,739
1968,1051,739
1969,1066,739
1970,537,740
1971,560,740
1972,561,740
1973,585,740
1974,590,740
1975,599,740
1976,602,740
1977,623,740
1978,631,740
1979,642,740
1980,657,740
1981,663,740
1982,674,740
1983,708,740
1984,732,740
1985,735,740
1986,736,740
1987,737,740
1988,738,740
1989,739,740
1990,740,740
1991,741,740
1992,759,740
1993,760,740
1994,766,740
1995,771,740
1996,776,740
1997,777,740
1998,786,740
1999,797,740
2000,805,740
2001,835,740
2002,842,740
2003,846,740
2004,865,740
2005,888,740
2006,905,740
2007,921,740
2008,954,740
2009,966,740
2010,967,740
2011,995,740
2012,996,740
2013,1007,740
2014,1046,740
2015,1049,740
2016,1050,740
2017,1051,740
2018,1066,740
2019,537,741
2020,560,741
2021,561,741
2022,585,741
2023,590,741
2024,599,741
2025,602,741
2026,623,741
2027,631,741
2028,642,741
2029,657,741
2030,663,741
2031,674,741
2032,708,741
2033,732,741
2034,735,741
2035,736,741
2036,737,741
2037,738,741
2038,739,741
2039,740,741
2040,741,741
2041,759,741
2042,760,741
2043,766,741
2044,771,741
2045,776,741
2046,777,741
2047,786,741
2048,797,741
2049,805,741
2050,835,741
2051,842,741
2052,846,741
2053,865,741
2054,888,741
2055,905,741
2056,921,741
2057,954,741
2058,966,741
2059,967,741
2060,995,741
2061,996,741
2062,1007,741
2063,1046,741
2064,1049,741
2065,1050,741
2066,1051,741
2067,1066,741
2068,742,742
2069,743,742
2070,744,742
2071,745,742
2072,746,742
2073,747,742
2074,748,742
2075,742,743
2076,743,743
2077,744,743
2078,745,743
2079,746,743
2080,747,743
2081,748,743
2082,742,744
2083,743,744
2084,744,744
2085,745,744
2086,746,744
2087,747,744
2088,748,744
2089,742,745
2090,743,745
2091,744,745
2092,745,745
2093,746,745
2094,747,745
2095,748,745
2096,742,746
2097,743,746
2098,744,746
2099,745,746
2100,746,746
2101,747,746
2102,748,746
2103,967,746
2104,742,747
2105,743,747
2106,744,747
2107,745,747
2108,746,747
2109,747,747
2110,748,747
2111,553,748
2112,649,748
2113,742,748
2114,743,748
2115,744,748
2116,745,748
2117,746,748
2118,747,748
2119,748,748
2120,772,748
2121,818,748
2122,1059,748
2123,749,749
2124,750,750
2125,573,751
2126,574,751
2127,619,751
2128,638,751
2129,737,751
2130,751,751
2131,816,751
2132,936,751
2133,543,752
2134,568,752
2135,569,752
2136,581,752
2137,618,752
2138,653,752
2139,675,752
2140,677,752
2141,716,752
2142,722,752
2143,732,752
2144,752,752
2145,755,752
2146,787,752
2147,803,752
2148,811,752
2149,842,752
2150,843,752
2151,879,752
2152,881,752
2153,885,752
2154,898,752
2155,924,752
2156,932,752
2157,943,752
2158,947,752
2159,953,752
2160,996,752
2161,1012,752
2162,1053,752
2163,1066,752
2164,633,753
2165,753,753
2166,754,754
2167,543,755
2168,568,755
2169,569,755
2170,581,755
2171,618,755
2172,653,755
2173,675,755
2174,677,755
2175,716,755
2176,732,755
2177,752,755
2178,755,755
2179,803,755
2180,811,755
2181,879,755
2182,898,755
2183,924,755
2184,932,755
2185,1012,755
2186,1053,755
2187,1066,755
2188,756,756
2189,757,757
2190,925,757
2191,758,758
2192,537,759
2193,560,759
2194,561,759
2195,585,759
2196,590,759
2197,599,759
2198,602,759
2199,623,759
2200,631,759
2201,642,759
2202,657,759
2203,663,759
2204,674,759
2205,708,759
2206,732,759
2207,735,759
2208,736,759
2209,737,759
2210,738,759
2211,739,759
2212,740,759
2213,741,759
2214,759,759
2215,760,759
2216,766,759
2217,771,759
2218,776,759
2219,777,759
2220,786,759
2221,797,759
2222,805,759
2223,835,759
2224,842,759
2225,846,759
2226,865,759
2227,888,759
2228,905,759
2229,921,759
2230,954,759
2231,966,759
2232,967,759
2233,995,759
2234,996,759
2235,1007,759
2236,1046,759
2237,1049,759
2238,1050,759
2239,1051,759
2240,1066,759
2241,537,760
2242,560,760
2243,561,760
2244,585,760
2245,590,760
2246,599,760
2247,602,760
2248,623,760
2249,631,760
2250,642,760
2251,657,760
2252,663,760
2253,674,760
2254,708,760
2255,732,760
2256,735,760
2257,736,760
2258,737,760
2259,738,760
2260,739,760
2261,740,760
2262,741,760
2263,759,760
2264,760,760
2265,766,760
2266,771,760
2267,776,760
2268,777,760
2269,786,760
2270,797,760
2271,805,760
2272,835,760
2273,842,760
2274,846,760
2275,865,760
2276,888,760
2277,905,760
2278,921,760
2279,954,760
2280,966,760
2281,967,760
2282,995,760
2283,996,760
2284,1007,760
2285,1046,760
2286,1049,760
2287,1050,760
2288,1051,760
2289,1066,760
2290,761,761
2291,762,762
2292,763,763
2293,764,764
2294,765,765
2295,537,766
2296,560,766
2297,561,766
2298,585,766
2299,590,766
2300,599,766
2301,602,766
2302,623,766
2303,631,766
2304,642,766
2305,657,766
2306,663,766
2307,674,766
2308,708,766
2309,732,766
2310,735,766
2311,736,766
2312,737,766
2313,738,766
2314,739,766
2315,740,766
2316,741,766
2317,759,766
2318,760,766
2319,766,766
2320,771,766
2321,776,766
2322,777,766
2323,786,766
2324,797,766
2325,805,766
2326,835,766
2327,842,766
2328,846,766
2329,865,766
2330,888,766
2331,905,766
2332,921,766
2333,954,766
2334,966,766
2335,967,766
2336,995,766
2337,996,766
2338,1007,766
2339,1027,766
2340,1046,766
2341,1049,766
2342,1050,766
2343,1051,766
2344,1066,766
2345,671,767
2346,767,767
2347,768,768
2348,769,769
2349,770,770
2350,537,771
2351,560,771
2352,561,771
2353,585,771
2354,590,771
2355,599,771
2356,602,771
2357,623,771
2358,631,771
2359,642,771
2360,657,771
2361,663,771
2362,674,771
2363,708,771
2364,732,771
2365,735,771
2366,736,771
2367,737,771
2368,738,771
2369,739,771
2370,740,771
2371,741,771
2372,759,771
2373,760,771
2374,766,771
2375,771,771
2376,776,771
2377,777,771
2378,786,771
2379,797,771
2380,805,771
2381,835,771
2382,842,771
2383,846,771
2384,865,771
2385,888,771
2386,905,771
2387,921,771
2388,954,771
2389,966,771
2390,967,771
2391,995,771
2392,996,771
2393,1007,771
2394,1046,771
2395,1049,771
2396,1050,771
2397,1051,771
2398,1066,771
2399,553,772
2400,649,772
2401,748,772
2402,772,772
2403,818,772
2404,1059,772
2405,773,773
2406,774,774
2407,775,775
2408,537,776
2409,560,776
2410,561,776
2411,585,776
2412,590,776
2413,599,776
2414,602,776
2415,623,776
2416,631,776
2417,641,776
2418,642,776
2419,657,776
2420,663,776
2421,674,776
2422,708,776
2423,732,776
2424,735,776
2425,736,776
2426,737,776
2427,738,776
2428,739,776
2429,740,776
2430,741,776
2431,759,776
2432,760,776
2433,766,776
2434,771,776
2435,776,776
2436,777,776
2437,786,776
2438,797,776
2439,805,776
2440,835,776
2441,842,776
2442,846,776
2443,865,776
2444,888,776
2445,905,776
2446,921,776
2447,954,776
2448,966,776
2449,967,776
2450,970,776
2451,995,776
2452,996,776
2453,1007,776
2454,1046,776
2455,1049,776
2456,1050,776
2457,1051,776
2458,1066,776
2459,537,777
2460,560,777
2461,561,777
2462,585,777
2463,590,777
2464,599,777
2465,602,777
2466,623,777
2467,631,777
2468,642,777
2469,657,777
2470,663,777
2471,674,777
2472,708,777
2473,732,777
2474,735,777
2475,736,777
2476,737,777
2477,738,777
2478,739,777
2479,740,777
2480,741,777
2481,759,777
2482,760,777
2483,766,777
2484,771,777
2485,776,777
2486,777,777
2487,786,777
2488,797,777
2489,805,777
2490,835,777
2491,842,777
2492,846,777
2493,865,777
2494,888,777
2495,905,777
2496,921,777
2497,954,777
2498,966,777
2499,967,777
2500,995,777
2501,996,777
2502,1007,777
2503,1046,777
2504,1049,777
2505,1050,777
2506,1051,777
2507,1066,777
2508,778,778
2509,779,779
2510,780,780
2511,634,781
2512,781,781
2513,782,782
2514,783,783
2515,570,784
2516,597,784
2517,784,784
2518,829,784
2519,785,785
2520,786,785
2521,930,785
2522,537,786
2523,560,786
2524,561,786
2525,585,786
2526,590,786
2527,599,786
2528,602,786
2529,623,786
2530,631,786
2531,642,786
2532,657,786
2533,663,786
2534,674,786
2535,708,786
2536,732,786
2537,735,786
2538,736,786
2539,737,786
2540,738,786
2541,739,786
2542,740,786
2543,741,786
2544,759,786
2545,760,786
2546,766,786
2547,771,786
2548,776,786
2549,777,786
2550,785,786
2551,786,786
2552,797,786
2553,805,786
2554,835,786
2555,842,786
2556,846,786
2557,865,786
2558,888,786
2559,905,786
2560,921,786
2561,930,786
2562,954,786
2563,966,786
2564,967,786
2565,995,786
2566,996,786
2567,1007,786
2568,1046,786
2569,1049,786
2570,1050,786
2571,1051,786
2572,1066,786
2573,569,787
2574,675,787
2575,722,787
2576,752,787
2577,787,787
2578,842,787
2579,843,787
2580,881,787
2581,885,787
2582,943,787
2583,947,787
2584,953,787
2585,788,788
2586,789,789
2587,790,790
2588,791,791
2589,792,792
2590,793,793
2591,794,794
2592,974,794
2593,975,794
2594,795,795
2595,1007,795
2596,796,796
2597,537,797
2598,560,797
2599,561,797
2600,585,797
2601,590,797
2602,599,797
2603,602,797
2604,623,797
2605,631,797
2606,642,797
2607,657,797
2608,663,797
2609,674,797
2610,708,797
2611,732,797
2612,735,797
2613,736,797
2614,737,797
2615,738,797
2616,739,797
2617,740,797
2618,741,797
2619,759,797
2620,760,797
2621,766,797
2622,771,797
2623,776,797
2624,777,797
2625,786,797
2626,797,797
2627,805,797
2628,835,797
2629,842,797
2630,846,797
2631,865,797
2632,888,797
2633,905,797
2634,921,797
2635,954,797
2636,966,797
2637,967,797
2638,995,797
2639,996,797
2640,1007,797
2641,1046,797
2642,1049,797
2643,1050,797
2644,1051,797
2645,1066,797
2646,544,798
2647,622,798
2648,625,798
2649,644,798
2650,684,798
2651,697,798
2652,732,798
2653,798,798
2654,817,798
2655,842,798
2656,881,798
2657,885,798
2658,926,798
2659,950,798
2660,953,798
2661,1014,798
2662,1041,798
2663,799,799
2664,557,800
2665,579,800
2666,590,800
2667,800,800
2668,895,800
2669,908,800
2670,1001,800
2671,801,801
2672,553,802
2673,647,802
2674,676,802
2675,802,802
2676,1017,802
2677,543,803
2678,568,803
2679,569,803
2680,581,803
2681,618,803
2682,653,803
2683,675,803
2684,677,803
2685,716,803
2686,732,803
2687,752,803
2688,755,803
2689,803,803
2690,811,803
2691,879,803
2692,898,803
2693,924,803
2694,932,803
2695,1012,803
2696,1053,803
2697,1066,803
2698,804,804
2699,537,805
2700,560,805
2701,561,805
2702,585,805
2703,590,805
2704,599,805
2705,602,805
2706,623,805
2707,631,805
2708,642,805
2709,657,805
2710,663,805
2711,674,805
2712,708,805
2713,732,805
2714,735,805
2715,736,805
2716,737,805
2717,738,805
2718,739,805
2719,740,805
2720,741,805
2721,759,805
2722,760,805
2723,766,805
2724,771,805
2725,776,805
2726,777,805
2727,786,805
2728,797,805
2729,805,805
2730,835,805
2731,842,805
2732,846,805
2733,865,805
2734,888,805
2735,905,805
2736,921,805
2737,954,805
2738,966,805
2739,967,805
2740,995,805
2741,996,805
2742,1007,805
2743,1046,805
2744,1049,805
2745,1050,805
2746,1051,805
2747,1066,805
2748,806,806
2749,807,807
2750,899,807
2751,534,808
2752,595,808
2753,617,808
2754,698,808
2755,808,808
2756,918,808
2757,952,808
2758,955,808
2759,1033,808
2760,809,809
2761,810,810
2762,543,811
2763,568,811
2764,569,811
2765,581,811
2766,618,811
2767,653,811
2768,675,811
2769,677,811
2770,716,811
2771,732,811
2772,752,811
2773,755,811
2774,803,811
2775,811,811
2776,879,811
2777,898,811
2778,924,811
2779,932,811
2780,1012,811
2781,1053,811
2782,1066,811
2783,812,812
2784,813,813
2785,814,813
2786,813,814
2787,814,814
2788,815,815
2789,573,816
2790,574,816
2791,619,816
2792,638,816
2793,737,816
2794,751,816
2795,816,816
2796,936,816
2797,544,817
2798,625,817
2799,644,817
2800,684,817
2801,697,817
2802,732,817
2803,798,817
2804,817,817
2805,885,817
2806,926,817
2807,553,818
2808,649,818
2809,748,818
2810,772,818
2811,818,818
2812,1059,818
2813,819,819
2814,546,820
2815,575,820
2816,603,820
2817,611,820
2818,681,820
2819,682,820
2820,820,820
2821,821,820
2822,822,820
2823,823,820
2824,824,820
2825,825,820
2826,826,820
2827,827,820
2828,1025,820
2829,1026,820
2830,546,821
2831,575,821
2832,603,821
2833,611,821
2834,681,821
2835,682,821
2836,820,821
2837,821,821
2838,822,821
2839,823,821
2840,824,821
2841,825,821
2842,826,821
2843,827,821
2844,1025,821
2845,1026,821
2846,546,822
2847,575,822
2848,603,822
2849,611,822
2850,681,822
2851,682,822
2852,820,822
2853,821,822
2854,822,822
2855,823,822
2856,824,822
2857,825,822
2858,826,822
2859,827,822
2860,1025,822
2861,1026,822
2862,546,823
2863,575,823
2864,603,823
2865,611,823
2866,681,823
2867,682,823
2868,820,823
2869,821,823
2870,822,823
2871,823,823
2872,824,823
2873,825,823
2874,826,823
2875,827,823
2876,1025,823
2877,1026,823
2878,546,824
2879,575,824
2880,603,824
2881,611,824
2882,681,824
2883,682,824
2884,820,824
2885,821,824
2886,822,824
2887,823,824
2888,824,824
2889,825,824
2890,826,824
2891,827,824
2892,1025,824
2893,1026,824
2894,546,825
2895,575,825
2896,603,825
2897,611,825
2898,681,825
2899,682,825
2900,820,825
2901,821,825
2902,822,825
2903,823,825
2904,824,825
2905,825,825
2906,826,825
2907,827,825
2908,1025,825
2909,1026,825
2910,546,826
2911,575,826
2912,603,826
2913,611,826
2914,681,826
2915,682,826
2916,820,826
2917,821,826
2918,822,826
2919,823,826
2920,824,826
2921,825,826
2922,826,826
2923,827,826
2924,1025,826
2925,1026,826
2926,546,827
2927,575,827
2928,603,827
2929,611,827
2930,681,827
2931,682,827
2932,820,827
2933,821,827
2934,822,827
2935,823,827
2936,824,827
2937,825,827
2938,826,827
2939,827,827
2940,1025,827
2941,1026,827
2942,576,828
2943,828,828
2944,570,829
2945,597,829
2946,784,829
2947,829,829
2948,830,830
2949,831,831
2950,832,832
2951,917,832
2952,953,832
2953,539,833
2954,605,833
2955,699,833
2956,710,833
2957,833,833
2958,885,833
2959,1012,833
2960,1016,833
2961,834,834
2962,1038,834
2963,537,835
2964,560,835
2965,561,835
2966,579,835
2967,585,835
2968,590,835
2969,599,835
2970,602,835
2971,623,835
2972,631,835
2973,642,835
2974,657,835
2975,663,835
2976,674,835
2977,708,835
2978,732,835
2979,735,835
2980,736,835
2981,737,835
2982,738,835
2983,739,835
2984,740,835
2985,741,835
2986,759,835
2987,760,835
2988,766,835
2989,771,835
2990,776,835
2991,777,835
2992,786,835
2993,797,835
2994,805,835
2995,835,835
2996,842,835
2997,846,835
2998,865,835
2999,888,835
3000,905,835
3001,921,835
3002,954,835
3003,966,835
3004,967,835
3005,995,835
3006,996,835
3007,1007,835
3008,1046,835
3009,1049,835
3010,1050,835
3011,1051,835
3012,1066,835
3013,652,836
3014,836,836
3015,959,836
3016,1005,836
3017,837,837
3018,838,838
3019,839,839
3020,840,840
3021,604,841
3022,841,841
3023,1023,841
3024,537,842
3025,560,842
3026,561,842
3027,569,842
3028,585,842
3029,590,842
3030,599,842
3031,602,842
3032,622,842
3033,623,842
3034,631,842
3035,642,842
3036,644,842
3037,657,842
3038,663,842
3039,674,842
3040,675,842
3041,708,842
3042,722,842
3043,732,842
3044,735,842
3045,736,842
3046,737,842
3047,738,842
3048,739,842
3049,740,842
3050,741,842
3051,752,842
3052,759,842
3053,760,842
3054,766,842
3055,771,842
3056,776,842
3057,777,842
3058,786,842
3059,787,842
3060,797,842
3061,798,842
3062,805,842
3063,835,842
3064,842,842
3065,843,842
3066,846,842
3067,865,842
3068,881,842
3069,885,842
3070,888,842
3071,894,842
3072,905,842
3073,921,842
3074,943,842
3075,947,842
3076,950,842
3077,953,842
3078,954,842
3079,962,842
3080,966,842
3081,967,842
3082,995,842
3083,996,842
3084,1007,842
3085,1046,842
3086,1049,842
3087,1050,842
3088,1051,842
3089,1066,842
3090,569,843
3091,675,843
3092,722,843
3093,752,843
3094,787,843
3095,842,843
3096,843,843
3097,881,843
3098,885,843
3099,943,843
3100,947,843
3101,953,843
3102,844,844
3103,534,845
3104,685,845
3105,845,845
3106,537,846
3107,560,846
3108,561,846
3109,585,846
3110,590,846
3111,599,846
3112,602,846
3113,623,846
3114,631,846
3115,642,846
3116,657,846
3117,663,846
3118,674,846
3119,708,846
3120,732,846
3121,735,846
3122,736,846
3123,737,846
3124,738,846
3125,739,846
3126,740,846
3127,741,846
3128,759,846
3129,760,846
3130,766,846
3131,771,846
3132,776,846
3133,777,846
3134,786,846
3135,797,846
3136,805,846
3137,835,846
3138,842,846
3139,846,846
3140,865,846
3141,888,846
3142,905,846
3143,921,846
3144,954,846
3145,966,846
3146,967,846
3147,995,846
3148,996,846
3149,1007,846
3150,1046,846
3151,1049,846
3152,1050,846
3153,1051,846
3154,1066,846
3155,606,847
3156,637,847
3157,698,847
3158,847,847
3159,848,847
3160,866,847
3161,875,847
3162,890,847
3163,955,847
3164,1018,847
3165,847,848
3166,848,848
3167,955,848
3168,849,849
3169,850,850
3170,851,851
3171,852,852
3172,853,853
3173,854,854
3174,855,855
3175,1037,855
3176,856,856
3177,857,857
3178,858,858
3179,543,859
3180,859,859
3181,860,860
3182,861,861
3183,862,862
3184,692,863
3185,863,863
3186,864,864
3187,537,865
3188,560,865
3189,561,865
3190,585,865
3191,590,865
3192,599,865
3193,602,865
3194,623,865
3195,631,865
3196,642,865
3197,657,865
3198,663,865
3199,674,865
3200,708,865
3201,732,865
3202,735,865
3203,736,865
3204,737,865
3205,738,865
3206,739,865
3207,740,865
3208,741,865
3209,759,865
3210,760,865
3211,766,865
3212,771,865
3213,776,865
3214,777,865
3215,786,865
3216,797,865
3217,805,865
3218,835,865
3219,842,865
3220,846,865
3221,865,865
3222,888,865
3223,905,865
3224,921,865
3225,954,865
3226,966,865
3227,967,865
3228,995,865
3229,996,865
3230,1007,865
3231,1046,865
3232,1049,865
3233,1050,865
3234,1051,865
3235,1066,865
3236,606,866
3237,637,866
3238,698,866
3239,847,866
3240,866,866
3241,875,866
3242,1018,866
3243,867,867
3244,868,868
3245,869,869
3246,870,870
3247,943,870
3248,871,871
3249,872,872
3250,873,873
3251,874,874
3252,916,874
3253,606,875
3254,637,875
3255,698,875
3256,847,875
3257,866,875
3258,875,875
3259,1018,875
3260,591,876
3261,876,876
3262,877,877
3263,658,878
3264,878,878
3265,901,878
3266,947,878
3267,951,878
3268,958,878
3269,543,879
3270,568,879
3271,569,879
3272,581,879
3273,618,879
3274,653,879
3275,675,879
3276,677,879
3277,716,879
3278,732,879
3279,752,879
3280,755,879
3281,803,879
3282,811,879
3283,879,879
3284,898,879
3285,924,879
3286,932,879
3287,1012,879
3288,1053,879
3289,1066,879
3290,880,880
3291,569,881
3292,622,881
3293,644,881
3294,675,881
3295,722,881
3296,732,881
3297,752,881
3298,787,881
3299,798,881
3300,842,881
3301,843,881
3302,881,881
3303,885,881
3304,943,881
3305,947,881
3306,950,881
3307,953,881
3308,882,882
3309,883,883
3310,658,884
3311,884,884
3312,544,885
3313,569,885
3314,605,885
3315,625,885
3316,644,885
3317,675,885
3318,684,885
3319,697,885
3320,710,885
3321,722,885
3322,732,885
3323,752,885
3324,787,885
3325,798,885
3326,817,885
3327,833,885
3328,842,885
3329,843,885
3330,881,885
3331,885,885
3332,926,885
3333,943,885
3334,947,885
3335,953,885
3336,1012,885
3337,1016,885
3338,563,886
3339,592,886
3340,654,886
3341,886,886
3342,970,886
3343,887,887
3344,537,888
3345,560,888
3346,561,888
3347,585,888
3348,590,888
3349,599,888
3350,602,888
3351,623,888
3352,631,888
3353,642,888
3354,657,888
3355,663,888
3356,674,888
3357,708,888
3358,732,888
3359,735,888
3360,736,888
3361,737,888
3362,738,888
3363,739,888
3364,740,888
3365,741,888
3366,759,888
3367,760,888
3368,766,888
3369,771,888
3370,776,888
3371,777,888
3372,786,888
3373,797,888
3374,805,888
3375,835,888
3376,842,888
3377,846,888
3378,865,888
3379,888,888
3380,905,888
3381,921,888
3382,954,888
3383,966,888
3384,967,888
3385,995,888
3386,996,888
3387,1007,888
3388,1046,888
3389,1049,888
3390,1050,888
3391,1051,888
3392,1066,888
3393,889,889
3394,847,890
3395,890,890
3396,891,891
3397,892,892
3398,893,893
3399,543,894
3400,549,894
3401,551,894
3402,595,894
3403,597,894
3404,695,894
3405,703,894
3406,842,894
3407,894,894
3408,895,894
3409,927,894
3410,928,894
3411,960,894
3412,962,894
3413,983,894
3414,1054,894
3415,543,895
3416,549,895
3417,551,895
3418,557,895
3419,579,895
3420,595,895
3421,597,895
3422,695,895
3423,703,895
3424,800,895
3425,894,895
3426,895,895
3427,908,895
3428,927,895
3429,928,895
3430,960,895
3431,983,895
3432,1001,895
3433,1054,895
3434,683,896
3435,896,896
3436,897,897
3437,543,898
3438,568,898
3439,569,898
3440,581,898
3441,618,898
3442,653,898
3443,675,898
3444,677,898
3445,716,898
3446,732,898
3447,752,898
3448,755,898
3449,803,898
3450,811,898
3451,879,898
3452,898,898
3453,924,898
3454,932,898
3455,1012,898
3456,1053,898
3457,1066,898
3458,807,899
3459,899,899
3460,900,900
3461,658,901
3462,878,901
3463,901,901
3464,947,901
3465,951,901
3466,958,901
3467,902,902
3468,903,903
3469,904,904
3470,537,905
3471,560,905
3472,561,905
3473,585,905
3474,590,905
3475,599,905
3476,602,905
3477,623,905
3478,631,905
3479,642,905
3480,657,905
3481,663,905
3482,674,905
3483,708,905
3484,732,905
3485,735,905
3486,736,905
3487,737,905
3488,738,905
3489,739,905
3490,740,905
3491,741,905
3492,759,905
3493,760,905
3494,766,905
3495,771,905
3496,776,905
3497,777,905
3498,786,905
3499,797,905
3500,805,905
3501,835,905
3502,842,905
3503,846,905
3504,865,905
3505,888,905
3506,905,905
3507,921,905
3508,954,905
3509,966,905
3510,967,905
3511,995,905
3512,996,905
3513,1007,905
3514,1046,905
3515,1049,905
3516,1050,905
3517,1051,905
3518,1066,905
3519,906,906
3520,907,907
3521,557,908
3522,579,908
3523,800,908
3524,895,908
3525,908,908
3526,1001,908
3527,594,909
3528,708,909
3529,909,909
3530,910,910
3531,911,911
3532,912,912
3533,913,913
3534,914,914
3535,938,914
3536,637,915
3537,915,915
3538,950,915
3539,874,916
3540,916,916
3541,625,917
3542,832,917
3543,917,917
3544,953,917
3545,1034,917
3546,534,918
3547,595,918
3548,612,918
3549,617,918
3550,623,918
3551,624,918
3552,698,918
3553,808,918
3554,918,918
3555,927,918
3556,952,918
3557,955,918
3558,919,919
3559,961,919
3560,920,920
3561,537,921
3562,560,921
3563,561,921
3564,585,921
3565,590,921
3566,599,921
3567,602,921
3568,623,921
3569,631,921
3570,642,921
3571,657,921
3572,663,921
3573,674,921
3574,708,921
3575,732,921
3576,735,921
3577,736,921
3578,737,921
3579,738,921
3580,739,921
3581,740,921
3582,741,921
3583,759,921
3584,760,921
3585,766,921
3586,771,921
3587,776,921
3588,777,921
3589,786,921
3590,797,921
3591,805,921
3592,835,921
3593,842,921
3594,846,921
3595,865,921
3596,888,921
3597,905,921
3598,921,921
3599,954,921
3600,966,921
3601,967,921
3602,995,921
3603,996,921
3604,1007,921
3605,1046,921
3606,1049,921
3607,1050,921
3608,1051,921
3609,1066,921
3610,922,922
3611,923,923
3612,543,924
3613,568,924
3614,569,924
3615,581,924
3616,618,924
3617,653,924
3618,675,924
3619,677,924
3620,716,924
3621,732,924
3622,752,924
3623,755,924
3624,803,924
3625,811,924
3626,879,924
3627,898,924
3628,924,924
3629,932,924
3630,951,924
3631,1004,924
3632,1012,924
3633,1053,924
3634,1066,924
3635,757,925
3636,925,925
3637,544,926
3638,625,926
3639,644,926
3640,684,926
3641,697,926
3642,732,926
3643,798,926
3644,817,926
3645,885,926
3646,926,926
3647,543,927
3648,549,927
3649,551,927
3650,595,927
3651,597,927
3652,612,927
3653,623,927
3654,624,927
3655,695,927
3656,703,927
3657,894,927
3658,895,927
3659,918,927
3660,927,927
3661,928,927
3662,960,927
3663,983,927
3664,1054,927
3665,543,928
3666,549,928
3667,551,928
3668,595,928
3669,597,928
3670,695,928
3671,703,928
3672,894,928
3673,895,928
3674,927,928
3675,928,928
3676,960,928
3677,983,928
3678,1054,928
3679,695,929
3680,929,929
3681,948,929
3682,785,930
3683,786,930
3684,930,930
3685,962,930
3686,730,931
3687,931,931
3688,543,932
3689,568,932
3690,569,932
3691,581,932
3692,618,932
3693,653,932
3694,675,932
3695,677,932
3696,716,932
3697,732,932
3698,752,932
3699,755,932
3700,803,932
3701,811,932
3702,879,932
3703,898,932
3704,924,932
3705,932,932
3706,1012,932
3707,1053,932
3708,1066,932
3709,556,933
3710,933,933
3711,934,934
3712,935,935
3713,573,936
3714,574,936
3715,619,936
3716,638,936
3717,737,936
3718,751,936
3719,816,936
3720,936,936
3721,942,936
3722,937,937
3723,914,938
3724,938,938
3725,939,939
3726,940,940
3727,941,941
3728,582,942
3729,936,942
3730,942,942
3731,569,943
3732,675,943
3733,722,943
3734,752,943
3735,787,943
3736,842,943
3737,843,943
3738,870,943
3739,881,943
3740,885,943
3741,943,943
3742,947,943
3743,950,943
3744,953,943
3745,1020,943
3746,944,944
3747,945,945
3748,946,946
3749,569,947
3750,658,947
3751,675,947
3752,695,947
3753,722,947
3754,752,947
3755,787,947
3756,842,947
3757,843,947
3758,878,947
3759,881,947
3760,885,947
3761,901,947
3762,943,947
3763,947,947
3764,951,947
3765,953,947
3766,958,947
3767,695,948
3768,929,948
3769,948,948
3770,949,949
3771,622,950
3772,637,950
3773,644,950
3774,732,950
3775,798,950
3776,842,950
3777,881,950
3778,915,950
3779,943,950
3780,950,950
3781,953,950
3782,1020,950
3783,658,951
3784,878,951
3785,901,951
3786,924,951
3787,947,951
3788,951,951
3789,952,951
3790,958,951
3791,1004,951
3792,1046,951
3793,534,952
3794,595,952
3795,617,952
3796,698,952
3797,808,952
3798,918,952
3799,951,952
3800,952,952
3801,955,952
3802,1046,952
3803,569,953
3804,622,953
3805,644,953
3806,675,953
3807,722,953
3808,732,953
3809,752,953
3810,787,953
3811,798,953
3812,832,953
3813,842,953
3814,843,953
3815,881,953
3816,885,953
3817,917,953
3818,943,953
3819,947,953
3820,950,953
3821,953,953
3822,537,954
3823,560,954
3824,561,954
3825,585,954
3826,590,954
3827,599,954
3828,602,954
3829,623,954
3830,631,954
3831,642,954
3832,657,954
3833,663,954
3834,674,954
3835,708,954
3836,732,954
3837,735,954
3838,736,954
3839,737,954
3840,738,954
3841,739,954
3842,740,954
3843,741,954
3844,759,954
3845,760,954
3846,766,954
3847,771,954
3848,776,954
3849,777,954
3850,786,954
3851,797,954
3852,805,954
3853,835,954
3854,842,954
3855,846,954
3856,865,954
3857,888,954
3858,905,954
3859,921,954
3860,954,954
3861,966,954
3862,967,954
3863,995,954
3864,996,954
3865,1007,954
3866,1046,954
3867,1049,954
3868,1050,954
3869,1051,954
3870,1066,954
3871,534,955
3872,595,955
3873,617,955
3874,689,955
3875,698,955
3876,808,955
3877,847,955
3878,848,955
3879,918,955
3880,952,955
3881,955,955
3882,956,956
3883,957,957
3884,658,958
3885,725,958
3886,878,958
3887,901,958
3888,947,958
3889,951,958
3890,958,958
3891,652,959
3892,836,959
3893,959,959
3894,1005,959
3895,543,960
3896,549,960
3897,551,960
3898,595,960
3899,597,960
3900,695,960
3901,703,960
3902,894,960
3903,895,960
3904,927,960
3905,928,960
3906,960,960
3907,983,960
3908,1054,960
3909,919,961
3910,961,961
3911,842,962
3912,894,962
3913,930,962
3914,962,962
3915,552,963
3916,652,963
3917,963,963
3918,991,963
3919,1016,963
3920,1045,963
3921,1064,963
3922,964,964
3923,612,965
3924,965,965
3925,979,965
3926,982,965
3927,1004,965
3928,537,966
3929,560,966
3930,561,966
3931,585,966
3932,590,966
3933,599,966
3934,602,966
3935,623,966
3936,631,966
3937,642,966
3938,657,966
3939,663,966
3940,674,966
3941,708,966
3942,732,966
3943,735,966
3944,736,966
3945,737,966
3946,738,966
3947,739,966
3948,740,966
3949,741,966
3950,759,966
3951,760,966
3952,766,966
3953,771,966
3954,776,966
3955,777,966
3956,786,966
3957,797,966
3958,805,966
3959,835,966
3960,842,966
3961,846,966
3962,865,966
3963,888,966
3964,905,966
3965,921,966
3966,954,966
3967,966,966
3968,967,966
3969,995,966
3970,996,966
3971,1007,966
3972,1046,966
3973,1049,966
3974,1050,966
3975,1051,966
3976,1066,966
3977,537,967
3978,560,967
3979,561,967
3980,585,967
3981,590,967
3982,599,967
3983,602,967
3984,623,967
3985,631,967
3986,642,967
3987,657,967
3988,663,967
3989,674,967
3990,708,967
3991,732,967
3992,735,967
3993,736,967
3994,737,967
3995,738,967
3996,739,967
3997,740,967
3998,741,967
3999,746,967
4000,759,967
4001,760,967
4002,766,967
4003,771,967
4004,776,967
4005,777,967
4006,786,967
4007,797,967
4008,805,967
4009,835,967
4010,842,967
4011,846,967
4012,865,967
4013,888,967
4014,905,967
4015,921,967
4016,954,967
4017,966,967
4018,967,967
4019,995,967
4020,996,967
4021,1007,967
4022,1046,967
4023,1049,967
4024,1050,967
4025,1051,967
4026,1066,967
4027,968,968
4028,969,969
4029,1060,969
4030,536,970
4031,641,970
4032,776,970
4033,886,970
4034,970,970
4035,974,970
4036,1007,970
4037,1017,970
4038,1023,970
4039,1036,970
4040,971,971
4041,604,972
4042,972,972
4043,977,972
4044,1005,972
4045,973,973
4046,536,974
4047,794,974
4048,970,974
4049,974,974
4050,975,974
4051,1007,974
4052,1023,974
4053,1036,974
4054,794,975
4055,974,975
4056,975,975
4057,976,976
4058,604,977
4059,703,977
4060,721,977
4061,972,977
4062,977,977
4063,1005,977
4064,978,978
4065,612,979
4066,965,979
4067,979,979
4068,982,979
4069,1004,979
4070,980,980
4071,981,981
4072,612,982
4073,965,982
4074,979,982
4075,982,982
4076,1004,982
4077,543,983
4078,549,983
4079,551,983
4080,595,983
4081,597,983
4082,695,983
4083,703,983
4084,894,983
4085,895,983
4086,927,983
4087,928,983
4088,960,983
4089,983,983
4090,1054,983
4091,984,984
4092,985,985
4093,986,986
4094,987,987
4095,988,988
4096,989,989
4097,990,990
4098,552,991
4099,652,991
4100,963,991
4101,991,991
4102,1016,991
4103,1045,991
4104,1064,991
4105,992,992
4106,537,993
4107,993,993
4108,994,994
4109,537,995
4110,560,995
4111,561,995
4112,585,995
4113,590,995
4114,599,995
4115,602,995
4116,623,995
4117,631,995
4118,642,995
4119,657,995
4120,663,995
4121,674,995
4122,708,995
4123,732,995
4124,735,995
4125,736,995
4126,737,995
4127,738,995
4128,739,995
4129,740,995
4130,741,995
4131,759,995
4132,760,995
4133,766,995
4134,771,995
4135,776,995
4136,777,995
4137,786,995
4138,797,995
4139,805,995
4140,835,995
4141,842,995
4142,846,995
4143,865,995
4144,888,995
4145,905,995
4146,921,995
4147,954,995
4148,966,995
4149,967,995
4150,995,995
4151,996,995
4152,1007,995
4153,1046,995
4154,1049,995
4155,1050,995
4156,1051,995
4157,1066,995
4158,537,996
4159,560,996
4160,561,996
4161,585,996
4162,590,996
4163,599,996
4164,602,996
4165,623,996
4166,631,996
4167,642,996
4168,657,996
4169,663,996
4170,674,996
4171,708,996
4172,732,996
4173,735,996
4174,736,996
4175,737,996
4176,738,996
4177,739,996
4178,740,996
4179,741,996
4180,752,996
4181,759,996
4182,760,996
4183,766,996
4184,771,996
4185,776,996
4186,777,996
4187,786,996
4188,797,996
4189,805,996
4190,835,996
4191,842,996
4192,846,996
4193,865,996
4194,888,996
4195,905,996
4196,921,996
4197,954,996
4198,966,996
4199,967,996
4200,995,996
4201,996,996
4202,1007,996
4203,1046,996
4204,1049,996
4205,1050,996
4206,1051,996
4207,1066,996
4208,658,997
4209,997,997
4210,998,998
4211,999,999
4212,1000,1000
4213,557,1001
4214,579,1001
4215,800,1001
4216,895,1001
4217,908,1001
4218,1001,1001
4219,561,1002
4220,1002,1002
4221,1003,1003
4222,612,1004
4223,924,1004
4224,951,1004
4225,965,1004
4226,979,1004
4227,982,1004
4228,1004,1004
4229,604,1005
4230,652,1005
4231,836,1005
4232,959,1005
4233,972,1005
4234,977,1005
4235,1005,1005
4236,1006,1006
4237,536,1007
4238,537,1007
4239,560,1007
4240,561,1007
4241,585,1007
4242,590,1007
4243,599,1007
4244,602,1007
4245,623,1007
4246,631,1007
4247,642,1007
4248,657,1007
4249,663,1007
4250,674,1007
4251,708,1007
4252,732,1007
4253,735,1007
4254,736,1007
4255,737,1007
4256,738,1007
4257,739,1007
4258,740,1007
4259,741,1007
4260,759,1007
4261,760,1007
4262,766,1007
4263,771,1007
4264,776,1007
4265,777,1007
4266,786,1007
4267,795,1007
4268,797,1007
4269,805,1007
4270,835,1007
4271,842,1007
4272,846,1007
4273,865,1007
4274,888,1007
4275,905,1007
4276,921,1007
4277,954,1007
4278,966,1007
4279,967,1007
4280,970,1007
4281,974,1007
4282,995,1007
4283,996,1007
4284,1007,1007
4285,1023,1007
4286,1036,1007
4287,1046,1007
4288,1049,1007
4289,1050,1007
4290,1051,1007
4291,1066,1007
4292,1008,1008
4293,1009,1009
4294,1010,1010
4295,1011,1011
4296,543,1012
4297,568,1012
4298,569,1012
4299,581,1012
4300,605,1012
4301,618,1012
4302,653,1012
4303,675,1012
4304,677,1012
4305,710,1012
4306,716,1012
4307,732,1012
4308,752,1012
4309,755,1012
4310,803,1012
4311,811,1012
4312,833,1012
4313,879,1012
4314,885,1012
4315,898,1012
4316,924,1012
4317,932,1012
4318,1012,1012
4319,1016,1012
4320,1053,1012
4321,1066,1012
4322,1013,1013
4323,798,1014
4324,1014,1014
4325,1015,1014
4326,1041,1014
4327,1061,1014
4328,1014,1015
4329,1015,1015
4330,1061,1015
4331,552,1016
4332,605,1016
4333,652,1016
4334,710,1016
4335,833,1016
4336,885,1016
4337,963,1016
4338,991,1016
4339,1012,1016
4340,1016,1016
4341,1045,1016
4342,1064,1016
4343,553,1017
4344,647,1017
4345,676,1017
4346,802,1017
4347,970,1017
4348,1017,1017
4349,606,1018
4350,637,1018
4351,698,1018
4352,847,1018
4353,866,1018
4354,875,1018
4355,1018,1018
4356,1019,1019
4357,943,1020
4358,950,1020
4359,1020,1020
4360,1021,1021
4361,1022,1022
4362,1030,1022
4363,536,1023
4364,604,1023
4365,841,1023
4366,970,1023
4367,974,1023
4368,1007,1023
4369,1023,1023
4370,1036,1023
4371,1024,1024
4372,546,1025
4373,575,1025
4374,603,1025
4375,611,1025
4376,681,1025
4377,682,1025
4378,820,1025
4379,821,1025
4380,822,1025
4381,823,1025
4382,824,1025
4383,825,1025
4384,826,1025
4385,827,1025
4386,1025,1025
4387,1026,1025
4388,546,1026
4389,575,1026
4390,603,1026
4391,611,1026
4392,681,1026
4393,682,1026
4394,820,1026
4395,821,1026
4396,822,1026
4397,823,1026
4398,824,1026
4399,825,1026
4400,826,1026
4401,827,1026
4402,1025,1026
4403,1026,1026
4404,585,1027
4405,732,1027
4406,766,1027
4407,1027,1027
4408,1046,1027
4409,1028,1028
4410,1029,1029
4411,1022,1030
4412,1030,1030
4413,1031,1031
4414,1032,1032
4415,617,1033
4416,808,1033
4417,1033,1033
4418,917,1034
4419,1034,1034
4420,1035,1035
4421,536,1036
4422,690,1036
4423,970,1036
4424,974,1036
4425,1007,1036
4426,1023,1036
4427,1036,1036
4428,855,1037
4429,1037,1037
4430,834,1038
4431,1038,1038
4432,1039,1039
4433,1040,1040
4434,798,1041
4435,1014,1041
4436,1041,1041
4437,1042,1042
4438,1043,1043
4439,1044,1044
4440,552,1045
4441,652,1045
4442,963,1045
4443,991,1045
4444,1016,1045
4445,1045,1045
4446,1064,1045
4447,537,1046
4448,560,1046
4449,561,1046
4450,585,1046
4451,590,1046
4452,599,1046
4453,602,1046
4454,623,1046
4455,631,1046
4456,642,1046
4457,657,1046
4458,663,1046
4459,674,1046
4460,708,1046
4461,732,1046
4462,735,1046
4463,736,1046
4464,737,1046
4465,738,1046
4466,739,1046
4467,740,1046
4468,741,1046
4469,759,1046
4470,760,1046
4471,766,1046
4472,771,1046
4473,776,1046
4474,777,1046
4475,786,1046
4476,797,1046
4477,805,1046
4478,835,1046
4479,842,1046
4480,846,1046
4481,865,1046
4482,888,1046
4483,905,1046
4484,921,1046
4485,951,1046
4486,952,1046
4487,954,1046
4488,966,1046
4489,967,1046
4490,995,1046
4491,996,1046
4492,1007,1046
4493,1027,1046
4494,1046,1046
4495,1049,1046
4496,1050,1046
4497,1051,1046
4498,1066,1046
4499,1047,1047
4500,1048,1048
4501,1049,1048
4502,537,1049
4503,560,1049
4504,561,1049
4505,585,1049
4506,590,1049
4507,599,1049
4508,602,1049
4509,623,1049
4510,631,1049
4511,642,1049
4512,657,1049
4513,663,1049
4514,674,1049
4515,708,1049
4516,732,1049
4517,735,1049
4518,736,1049
4519,737,1049
4520,738,1049
4521,739,1049
4522,740,1049
4523,741,1049
4524,759,1049
4525,760,1049
4526,766,1049
4527,771,1049
4528,776,1049
4529,777,1049
4530,786,1049
4531,797,1049
4532,805,1049
4533,835,1049
4534,842,1049
4535,846,1049
4536,865,1049
4537,888,1049
4538,905,1049
4539,921,1049
4540,954,1049
4541,966,1049
4542,967,1049
4543,995,1049
4544,996,1049
4545,1007,1049
4546,1046,1049
4547,1048,1049
4548,1049,1049
4549,1050,1049
4550,1051,1049
4551,1066,1049
4552,537,1050
4553,560,1050
4554,561,1050
4555,585,1050
4556,590,1050
4557,599,1050
4558,602,1050
4559,623,1050
4560,631,1050
4561,642,1050
4562,657,1050
4563,663,1050
4564,674,1050
4565,708,1050
4566,732,1050
4567,735,1050
4568,736,1050
4569,737,1050
4570,738,1050
4571,739,1050
4572,740,1050
4573,741,1050
4574,759,1050
4575,760,1050
4576,766,1050
4577,771,1050
4578,776,1050
4579,777,1050
4580,786,1050
4581,797,1050
4582,805,1050
4583,835,1050
4584,842,1050
4585,846,1050
4586,865,1050
4587,888,1050
4588,905,1050
4589,921,1050
4590,954,1050
4591,966,1050
4592,967,1050
4593,995,1050
4594,996,1050
4595,1007,1050
4596,1046,1050
4597,1049,1050
4598,1050,1050
4599,1051,1050
4600,1066,1050
4601,537,1051
4602,560,1051
4603,561,1051
4604,585,1051
4605,590,1051
4606,599,1051
4607,602,1051
4608,623,1051
4609,631,1051
4610,642,1051
4611,657,1051
4612,663,1051
4613,674,1051
4614,708,1051
4615,732,1051
4616,735,1051
4617,736,1051
4618,737,1051
4619,738,1051
4620,739,1051
4621,740,1051
4622,741,1051
4623,759,1051
4624,760,1051
4625,766,1051
4626,771,1051
4627,776,1051
4628,777,1051
4629,786,1051
4630,797,1051
4631,805,1051
4632,835,1051
4633,842,1051
4634,846,1051
4635,865,1051
4636,888,1051
4637,905,1051
4638,921,1051
4639,954,1051
4640,966,1051
4641,967,1051
4642,995,1051
4643,996,1051
4644,1007,1051
4645,1046,1051
4646,1049,1051
4647,1050,1051
4648,1051,1051
4649,1066,1051
4650,1052,1052
4651,543,1053
4652,568,1053
4653,569,1053
4654,581,1053
4655,618,1053
4656,653,1053
4657,675,1053
4658,677,1053
4659,716,1053
4660,732,1053
4661,752,1053
4662,755,1053
4663,803,1053
4664,811,1053
4665,879,1053
4666,898,1053
4667,924,1053
4668,932,1053
4669,1012,1053
4670,1053,1053
4671,1066,1053
4672,543,1054
4673,549,1054
4674,551,1054
4675,595,1054
4676,597,1054
4677,616,1054
4678,695,1054
4679,703,1054
4680,894,1054
4681,895,1054
4682,927,1054
4683,928,1054
4684,960,1054
4685,983,1054
4686,1054,1054
4687,1055,1055
4688,1056,1056
4689,1057,1057
4690,1058,1058
4691,1059,1058
4692,553,1059
4693,649,1059
4694,748,1059
4695,772,1059
4696,818,1059
4697,1058,1059
4698,1059,1059
4699,969,1060
4700,1060,1060
4701,1014,1061
4702,1015,1061
4703,1061,1061
4704,1062,1062
4705,556,1063
4706,1063,1063
4707,552,1064
4708,652,1064
4709,963,1064
4710,991,1064
4711,1016,1064
4712,1045,1064
4713,1064,1064
4714,1065,1065
4715,537,1066
4716,543,1066
4717,560,1066
4718,561,1066
4719,568,1066
4720,569,1066
4721,581,1066
4722,585,1066
4723,590,1066
4724,599,1066
4725,602,1066
4726,618,1066
4727,623,1066
4728,631,1066
4729,642,1066
4730,653,1066
4731,657,1066
4732,663,1066
4733,674,1066
4734,675,1066
4735,677,1066
4736,708,1066
4737,716,1066
4738,732,1066
4739,735,1066
4740,736,1066
4741,737,1066
4742,738,1066
4743,739,1066
4744,740,1066
4745,741,1066
4746,752,1066
4747,755,1066
4748,759,1066
4749,760,1066
4750,766,1066
4751,771,1066
4752,776,1066
4753,777,1066
4754,786,1066
4755,797,1066
4756,803,1066
4757,805,1066
4758,811,1066
4759,835,1066
4760,842,1066
4761,846,1066
4762,865,1066
4763,879,1066
4764,888,1066
4765,898,1066
4766,905,1066
4767,921,1066
4768,924,1066
4769,932,1066
4770,954,1066
4771,966,1066
4772,967,1066
4773,995,1066
4774,996,1066
4775,1007,1066
4776,1012,1066
4777,1046,1066
4778,1049,1066
4779,1050,1066
4780,1051,1066
4781,1053,1066
4782,1066,1066
