,ltable_id,rtable_id,pred
0,543,1,1.7275805026692548e-18
1,549,1,8.202456347572346e-14
2,551,1,5.082338081118541e-21
3,595,1,1.02991021667604e-25
4,597,1,1.8049875316408536e-25
5,695,1,5.208677247236369e-19
6,703,1,7.515539726735315e-20
7,894,1,4.191876820307883e-24
8,895,1,2.0201318222057687e-25
9,927,1,9.166074971755846e-30
10,928,1,5.503235922484285e-25
11,960,1,2.4946100056295283e-24
12,983,1,1.8236704176997998e-19
13,1036,1,1.201862162202664e-22
14,1054,1,1.1933262283491022e-21
15,543,4,1.1611332823525627e-21
16,549,4,5.5494403127693566e-15
17,551,4,2.4114046101637606e-24
18,595,4,1.4888075983507762e-27
19,597,4,3.6984195483590754e-23
20,695,4,2.47579480997663e-21
21,703,4,9.288591124105548e-19
22,894,4,5.448788526234287e-23
23,895,4,8.055335078329992e-26
24,927,4,6.333216702181235e-30
25,928,4,1.287240885315962e-28
26,960,4,2.0509743239199934e-25
27,983,4,1.4964590696332749e-22
28,1054,4,1.5686849126807408e-20
29,552,7,8.61004729605895e-21
30,652,7,2.92459529119918e-24
31,963,7,1.2664934487317767e-19
32,991,7,3.2500136172466135e-20
33,1016,7,2.6869933370578666e-21
34,1045,7,1.1081710496251574e-21
35,1064,7,9.241108505264295e-21
36,563,8,1.4683220931716645e-26
37,592,8,3.574942088532417e-24
38,654,8,1.1899404127579428e-24
39,886,8,8.818012017526599e-24
40,842,9,6.575080892224403e-25
41,894,9,3.323774208538964e-22
42,930,9,4.78068136202815e-27
43,962,9,2.9711785623156035e-16
44,537,10,1.0689041433607569e-26
45,560,10,9.697371107283372e-30
46,561,10,2.0659516365921358e-29
47,585,10,1.1190760702166743e-26
48,590,10,8.459141434887417e-24
49,599,10,4.0533899496912333e-26
50,602,10,3.9977829676379105e-25
51,623,10,2.772260025428994e-25
52,631,10,1.7036911656957604e-25
53,642,10,3.115961621979127e-26
54,657,10,5.36219184650649e-24
55,663,10,1.2221814459164275e-24
56,674,10,3.7018220233830075e-21
57,708,10,7.227461319495943e-19
58,732,10,1.3502410361777094e-26
59,735,10,1.5231413240909196e-27
60,736,10,4.71262957512043e-27
61,737,10,2.296870098700331e-28
62,738,10,1.5051282335856386e-30
63,739,10,1.1051658423718736e-26
64,740,10,6.609309263458116e-27
65,741,10,2.5677102005583016e-27
66,759,10,1.7980299016270818e-25
67,760,10,2.6237321514681934e-27
68,766,10,1.7379213026183884e-27
69,771,10,2.0242034864128562e-25
70,776,10,6.894677812541003e-26
71,777,10,3.7915563393752044e-27
72,786,10,8.123227128906702e-28
73,797,10,1.1647293273092662e-26
74,805,10,6.810850984174175e-27
75,835,10,7.44309458103372e-26
76,842,10,4.6126821072595685e-28
77,846,10,6.896488586422583e-27
78,865,10,8.339234189423563e-30
79,888,10,6.491220691911838e-27
80,905,10,8.481505859946641e-28
81,917,10,3.8623760730889623e-19
82,921,10,8.459548584659514e-20
83,954,10,9.595148535396295e-23
84,966,10,7.067557935797407e-23
85,967,10,2.9297534356791658e-21
86,995,10,3.5551558237486855e-28
87,996,10,4.6321280080619545e-23
88,1007,10,5.8035270633782525e-24
89,1034,10,3.9292378450132604e-23
90,1046,10,8.15751068182801e-23
91,1049,10,6.962202363698633e-20
92,1050,10,3.2105603862211603e-20
93,1051,10,2.008117672599198e-21
94,1066,10,8.807131229042916e-23
95,537,12,6.334087722440156e-28
96,560,12,8.964730642646781e-31
97,561,12,8.05812389559239e-31
98,585,12,1.2115481806251757e-29
99,590,12,5.300287225343976e-38
100,599,12,1.2973472889424162e-33
101,602,12,7.93387243346491e-28
102,623,12,1.4111934669766705e-31
103,631,12,1.6711359742720776e-21
104,642,12,1.311501026869692e-26
105,657,12,8.815100286458747e-27
106,663,12,9.175551892008096e-24
107,674,12,1.6429723097631467e-19
108,708,12,2.2997753299854455e-19
109,732,12,3.176990017709771e-33
110,735,12,5.7653647913986145e-27
111,736,12,1.5161404788417721e-31
112,737,12,9.467360448712999e-32
113,738,12,1.2291121258684263e-31
114,739,12,4.34959962406405e-26
115,740,12,1.0367265385634955e-32
116,741,12,1.0715513138775002e-27
117,759,12,1.2771609432026922e-28
118,760,12,1.9559005536205126e-28
119,766,12,3.230875125479959e-26
120,771,12,7.910379564088526e-31
121,776,12,9.076083608900475e-30
122,777,12,5.0175531325616604e-30
123,786,12,4.615648337717886e-27
124,797,12,1.9493573732161684e-27
125,805,12,5.71014786680627e-35
126,835,12,1.347607595435387e-27
127,842,12,1.9392526849084404e-31
128,846,12,4.8929701552443414e-32
129,865,12,1.839862537738976e-25
130,888,12,1.090797858382776e-31
131,905,12,3.299606896221424e-29
132,921,12,2.048434372789168e-21
133,954,12,1.3905749196238508e-23
134,966,12,2.029115273812723e-26
135,967,12,1.65808551573931e-24
136,995,12,3.81335321805634e-24
137,996,12,9.243207121713778e-23
138,1007,12,2.4569417935043558e-25
139,1046,12,1.6265451545896993e-25
140,1049,12,4.620907865657388e-22
141,1050,12,3.9614223781805635e-25
142,1051,12,1.8807940664824039e-22
143,1066,12,7.196653442581867e-28
144,537,13,3.1679970322226033e-19
145,560,13,2.384775927072289e-22
146,561,13,1.623668703873662e-25
147,585,13,5.63542216450775e-25
148,590,13,8.21818513697313e-25
149,599,13,1.6273678873656534e-26
150,602,13,2.4698702707815716e-26
151,623,13,1.9721254062665488e-27
152,631,13,4.7930164590232607e-23
153,642,13,7.249705708736946e-29
154,657,13,2.5674934565465732e-21
155,663,13,1.6144605084851568e-20
156,674,13,6.099525063609834e-19
157,708,13,4.597709117850821e-18
158,732,13,1.1141921719646432e-23
159,735,13,7.519609648542886e-21
160,736,13,7.172603451598493e-22
161,737,13,5.507702690209025e-24
162,738,13,6.711007637311101e-24
163,739,13,5.286396856685526e-21
164,740,13,8.781525662163344e-22
165,741,13,4.344047086619272e-25
166,759,13,1.0269052635857506e-22
167,760,13,3.527556583149842e-24
168,766,13,3.6259201147954936e-28
169,771,13,7.798516524067741e-28
170,776,13,6.223317251499197e-28
171,777,13,1.6379732204263544e-25
172,786,13,4.1162373008823364e-25
173,797,13,4.8963499966183795e-28
174,805,13,1.0838505131459787e-26
175,835,13,1.281723611216163e-21
176,842,13,7.961278024825871e-21
177,846,13,1.2536234472656545e-22
178,865,13,1.0864732985970455e-25
179,888,13,2.784700056552466e-19
180,905,13,4.783523840237303e-25
181,921,13,4.859250656030511e-22
182,954,13,2.1924170240464207e-25
183,966,13,2.5752368297707523e-20
184,967,13,2.9502715865898055e-21
185,995,13,1.4704284447320496e-19
186,996,13,4.377054008506207e-22
187,1007,13,4.220615233111666e-21
188,1046,13,2.617025622481202e-28
189,1049,13,2.099382209168444e-22
190,1050,13,7.22802006039304e-25
191,1051,13,1.166544390619195e-21
192,1066,13,1.795028209763625e-27
193,633,15,1.4186958684304202e-22
194,753,15,7.191581441892459e-20
195,957,17,9.720343213144118e-17
196,543,20,4.35831512861802e-22
197,549,20,1.3143056251339617e-18
198,551,20,6.530176477437792e-29
199,595,20,7.995147388549089e-27
200,597,20,4.499816359592192e-25
201,695,20,4.4235830739654835e-18
202,703,20,1.1257234733692254e-19
203,894,20,7.853625160227344e-28
204,895,20,3.700292617234933e-27
205,927,20,5.102806463480675e-23
206,928,20,2.6729213991736433e-21
207,960,20,3.937578176867461e-23
208,973,20,2.1915196263619448e-20
209,983,20,5.953406829904585e-22
210,1054,20,2.4363302229654245e-19
211,543,21,2.4483742596748062e-27
212,549,21,1.1783083444767244e-26
213,551,21,1.7185362118691972e-23
214,595,21,1.0739781311084099e-36
215,597,21,3.1454868336733546e-36
216,695,21,3.328147387487747e-27
217,703,21,6.4492223452502555e-28
218,894,21,7.904811557799303e-33
219,895,21,1.3608493090159723e-38
220,927,21,1.3723429359095593e-25
221,928,21,1.35285212652772e-28
222,960,21,1.59124208372947e-26
223,983,21,2.3343320460848317e-26
224,1054,21,2.7964480581387884e-25
225,692,22,3.246540858391895e-20
226,842,22,4.351989957862193e-24
227,863,22,3.4835593658521336e-20
228,894,22,1.1422611708095187e-20
229,930,22,6.297176270707241e-29
230,962,22,3.7378048638684813e-23
231,537,23,6.1148609895653225e-28
232,560,23,6.341333456033626e-40
233,561,23,5.2057752140124024e-40
234,585,23,3.6353235343069636e-35
235,590,23,3.816092420563693e-34
236,599,23,1.2735799648479016e-37
237,602,23,2.0671177209515175e-25
238,623,23,2.8314608399749047e-27
239,631,23,7.001105226551945e-24
240,642,23,4.5479205151494375e-29
241,657,23,7.339948071457266e-23
242,663,23,1.2071536483992947e-21
243,674,23,6.842361515724431e-19
244,708,23,1.4074276130055894e-17
245,732,23,4.216620633839916e-37
246,735,23,6.864352452917545e-39
247,736,23,2.982431434746278e-35
248,737,23,4.446632949506654e-39
249,738,23,2.5819520745651622e-39
250,739,23,5.171318341055432e-34
251,740,23,5.170071782513808e-35
252,741,23,1.3235232565149506e-39
253,759,23,5.3616385963132696e-34
254,760,23,3.0657710185693506e-35
255,766,23,1.0726259615859841e-38
256,771,23,5.9991827039357994e-37
257,776,23,2.1994900035604587e-39
258,777,23,7.360492976934338e-37
259,786,23,2.8787947098672866e-37
260,797,23,1.1629839184054403e-38
261,805,23,4.4520241425977655e-37
262,835,23,1.8239805912213353e-37
263,842,23,3.1281974649535218e-34
264,846,23,8.068488017071581e-32
265,865,23,7.723520762762811e-37
266,888,23,3.085067711913638e-35
267,905,23,1.7497838735437728e-35
268,921,23,7.459838696549862e-20
269,954,23,2.7049005110729434e-18
270,966,23,6.902333152203572e-23
271,967,23,5.414652974810693e-23
272,995,23,1.8986077454578944e-22
273,996,23,1.9846955814519426e-24
274,1007,23,9.2783456491695e-22
275,1046,23,2.7015713711227e-22
276,1049,23,4.556497571586154e-21
277,1050,23,1.2015783108067432e-24
278,1051,23,2.923622692919074e-19
279,1066,23,2.420361058868646e-24
280,544,24,3.655057251927354e-19
281,625,24,3.349701417160736e-28
282,644,24,1.304052106371687e-27
283,684,24,6.416497577847153e-19
284,697,24,2.8983689859463775e-20
285,732,24,5.498032876489782e-37
286,798,24,8.479608500579702e-36
287,817,24,9.94202041645131e-34
288,885,24,2.9728659895957287e-34
289,926,24,3.834859273585634e-23
290,573,31,1.26287515870751e-39
291,574,31,3.188702663458279e-37
292,619,31,1.0896902601695832e-23
293,638,31,2.1767435106604064e-30
294,737,31,1.3054822407459707e-36
295,751,31,1.904690614986075e-40
296,816,31,6.585691574439866e-37
297,936,31,2.6629098394737525e-31
298,537,33,3.4779257933778223e-31
299,560,33,1.5203663781224135e-33
300,561,33,4.70021105742659e-36
301,585,33,4.926967513342909e-31
302,590,33,9.322853335327251e-35
303,599,33,2.970932198849135e-30
304,602,33,8.207152380862367e-24
305,623,33,6.538990876568675e-26
306,631,33,1.4385847764723792e-24
307,642,33,4.062240510725132e-24
308,657,33,7.053219198031328e-19
309,663,33,2.2784100693084567e-23
310,674,33,3.401344975140811e-21
311,708,33,2.870304797593786e-21
312,732,33,1.6567710799074865e-35
313,735,33,6.673778842056323e-38
314,736,33,1.4727406285352679e-37
315,737,33,3.233694550508253e-35
316,738,33,4.1108098987666364e-32
317,739,33,3.7902647081142645e-34
318,740,33,8.44842444296879e-37
319,741,33,1.0127386383907588e-31
320,759,33,2.5555643116126238e-33
321,760,33,1.2758886289606126e-33
322,766,33,1.7155224213172088e-31
323,771,33,4.438654293504997e-34
324,776,33,8.829701458270147e-35
325,777,33,8.892526466050143e-34
326,786,33,2.7303014234835614e-32
327,797,33,2.7419455620838544e-30
328,805,33,9.292378962030168e-35
329,835,33,3.39295851234869e-33
330,842,33,1.447725052529118e-32
331,846,33,9.793333377093257e-29
332,865,33,1.1936914401990944e-32
333,888,33,4.8399468319755404e-32
334,905,33,6.195788264346356e-30
335,921,33,1.3051672157835045e-21
336,954,33,2.188086042998657e-19
337,966,33,2.8633471171461195e-22
338,967,33,1.7234673287817206e-22
339,995,33,7.7735143371387735e-25
340,996,33,1.2734982097007189e-23
341,1007,33,8.018755778111308e-23
342,1046,33,3.1315631421373256e-23
343,1049,33,4.7326023027207355e-21
344,1050,33,2.2667408974032253e-24
345,1051,33,4.488140518708011e-23
346,1066,33,1.1604670431050874e-26
347,573,35,4.0421746614350264e-21
348,574,35,2.0633750924152403e-24
349,619,35,8.964596790811125e-28
350,638,35,2.5668914585312873e-25
351,737,35,2.600304036108744e-25
352,751,35,2.341479721160938e-23
353,816,35,1.3442512850282079e-18
354,936,35,3.176950252885761e-25
355,573,36,1.3702987629485563e-37
356,574,36,1.880657706616809e-40
357,619,36,3.1944243376277405e-25
358,638,36,6.244671936801291e-27
359,737,36,3.8055105955141526e-41
360,751,36,2.053439461403521e-41
361,816,36,2.574288315491758e-35
362,936,36,6.732317422813109e-26
363,573,37,2.736941029599029e-20
364,574,37,1.2735017022581974e-20
365,619,37,7.620958379671104e-25
366,634,37,1.1477532597925666e-23
367,638,37,2.070622695629034e-23
368,737,37,5.1400852743184735e-21
369,751,37,1.168252606010138e-22
370,781,37,2.0673257666918564e-18
371,816,37,1.4094796874351144e-17
372,936,37,9.778814346241508e-27
373,539,40,1.5253124319119358e-20
374,543,40,1.0038159505823595e-18
375,549,40,1.1053663452833017e-17
376,551,40,6.280730352222066e-24
377,595,40,8.64545172911226e-24
378,597,40,2.8167877387777624e-24
379,695,40,8.75412234105854e-17
380,699,40,1.592278874453429e-20
381,703,40,3.315764292856212e-19
382,833,40,1.7012158943914843e-17
383,894,40,6.629211451712469e-22
384,895,40,1.6746816019227505e-20
385,927,40,1.3907462212192473e-27
386,928,40,5.353297625536407e-25
387,960,40,1.2011250322526437e-21
388,983,40,7.459240203495391e-20
389,1054,40,3.1450709795195385e-20
390,569,41,9.616710328860518e-37
391,675,41,2.9015523348807333e-25
392,722,41,1.3186728152859117e-34
393,752,41,1.2395100095962681e-34
394,758,41,1.5799740653930553e-34
395,787,41,3.8950429579396184e-35
396,842,41,3.330489384373643e-33
397,843,41,4.483672162322582e-28
398,881,41,8.620939629973082e-35
399,885,41,2.2538035232866648e-32
400,943,41,1.2407647536143301e-25
401,947,41,3.9311672000523066e-29
402,953,41,1.6679325571294344e-29
403,537,43,7.322579205008927e-25
404,560,43,1.2164127827443951e-24
405,561,43,2.722422588773387e-25
406,585,43,6.84387545005468e-23
407,590,43,4.730808765480863e-24
408,599,43,2.0133733053322963e-22
409,602,43,1.5525851844870857e-21
410,623,43,9.454596468085117e-30
411,631,43,8.001194095211248e-23
412,642,43,3.501858775521172e-24
413,657,43,7.626471926897439e-26
414,663,43,1.1281420135128358e-19
415,674,43,9.38015970147578e-16
416,708,43,1.024805525108198e-12
417,732,43,2.3109963875495333e-23
418,735,43,8.019858430745365e-26
419,736,43,4.180943710991632e-26
420,737,43,4.868069141550533e-25
421,738,43,2.4383759821475923e-26
422,739,43,9.014066593866045e-24
423,740,43,7.168524941308797e-26
424,741,43,1.0836471003058992e-23
425,759,43,1.7358304554539584e-23
426,760,43,2.5618665709275534e-26
427,766,43,7.715049200506259e-23
428,771,43,3.914874201292951e-22
429,776,43,4.5148781927565386e-23
430,777,43,1.6283640992255275e-22
431,786,43,2.833453474049084e-25
432,797,43,1.4134895917775045e-23
433,805,43,3.9333320388671874e-24
434,835,43,1.865290408229702e-20
435,842,43,5.270527361039838e-22
436,846,43,4.1138071341552215e-20
437,865,43,4.436210941147244e-22
438,888,43,1.5922446093282915e-22
439,905,43,6.123019429475526e-18
440,921,43,2.422740941135314e-21
441,954,43,4.6940488025134105e-22
442,966,43,1.6626067496287935e-18
443,967,43,2.1286405606047183e-23
444,995,43,1.1577441799271398e-24
445,996,43,2.5597439809642428e-23
446,1007,43,1.8266999265362865e-20
447,1046,43,9.640480869568178e-22
448,1049,43,3.938745570432572e-18
449,1050,43,5.975339786835899e-19
450,1051,43,5.148784860029314e-18
451,1066,43,3.0080977411624245e-27
452,537,48,3.3992268283081443e-25
453,560,48,3.851980603786079e-26
454,561,48,8.143248230810326e-28
455,579,48,7.373958349523214e-27
456,585,48,1.3643137736362838e-19
457,590,48,8.541662833388064e-23
458,599,48,1.9774811667113313e-21
459,602,48,1.2200974671357236e-23
460,623,48,1.0412471851967507e-21
461,631,48,3.5690344811390793e-19
462,642,48,6.616500930793233e-21
463,657,48,4.6373047805506646e-26
464,663,48,3.2425598960650493e-23
465,674,48,6.315291516750362e-14
466,688,48,3.4657162555102703e-06
467,708,48,1.8038838459829288e-13
468,732,48,1.2704801384158923e-21
469,735,48,2.4956855372850637e-23
470,736,48,3.073772734315381e-19
471,737,48,3.407777145832937e-21
472,738,48,4.713612983441827e-27
473,739,48,3.6916173646811206e-22
474,740,48,2.4455000222670306e-23
475,741,48,8.787303685760147e-23
476,759,48,2.7227395618334374e-21
477,760,48,4.477227149974027e-21
478,766,48,3.6096845390581883e-14
479,771,48,2.161136879241744e-22
480,776,48,4.62742117386019e-21
481,777,48,6.550707686602752e-22
482,786,48,5.918536646532069e-24
483,797,48,6.004612953709467e-17
484,805,48,8.165490208204973e-24
485,835,48,1.4292137020275771e-18
486,842,48,1.1837152879585127e-22
487,846,48,3.009022439134735e-18
488,865,48,1.2032741647901078e-17
489,888,48,2.0381806899559018e-20
490,905,48,3.096127955885837e-20
491,921,48,5.21539335033379e-19
492,954,48,1.0510680712215793e-16
493,966,48,1.0314704251339002e-18
494,967,48,1.8826219983690943e-20
495,995,48,3.738660818436543e-18
496,996,48,7.276012507934924e-20
497,1007,48,1.0847028741412895e-16
498,1027,48,1.1285637364525136e-14
499,1046,48,8.593679113184084e-15
500,1049,48,1.080904860567246e-18
501,1050,48,8.215680057934969e-23
502,1051,48,2.1852851239044312e-16
503,1066,48,6.936312991959573e-18
504,579,49,2.3360426389363505e-21
505,688,49,1.407810964474338e-24
506,551,50,4.370903875769664e-21
507,758,50,3.5695685082060973e-35
508,543,51,4.3664735481750226e-30
509,568,51,7.922802564360967e-31
510,569,51,1.3616955883547934e-31
511,581,51,1.4495865526604604e-27
512,618,51,9.849000820835839e-25
513,653,51,1.811436950863821e-24
514,675,51,1.0373703438019268e-31
515,677,51,1.772535465324865e-29
516,716,51,2.326408764747286e-25
517,732,51,1.3456521382324516e-29
518,752,51,7.079783150119798e-31
519,755,51,1.1790459856049004e-27
520,803,51,2.3029360811733596e-26
521,811,51,2.5754887692562128e-30
522,879,51,4.595403146415874e-24
523,898,51,2.3961678411871121e-23
524,924,51,3.420115196301114e-26
525,932,51,1.3563005813236815e-24
526,1012,51,1.2766396206049153e-26
527,1053,51,1.8605383327085655e-21
528,1066,51,9.29700998721792e-28
529,868,57,9.500144887405476e-30
530,573,58,1.2819473667977661e-32
531,574,58,1.2883554605574531e-33
532,619,58,1.533037662456832e-29
533,638,58,8.356267785944621e-29
534,737,58,6.626418939909989e-29
535,751,58,2.0381165904131673e-34
536,816,58,4.0017286027322893e-28
537,936,58,1.1779209170856638e-30
538,606,60,3.8140921195730236e-19
539,637,60,3.3213695782631e-23
540,698,60,1.165322472389021e-24
541,847,60,1.8952297003075633e-23
542,866,60,3.0545285697155207e-20
543,872,60,8.110231359966495e-19
544,875,60,2.8841152073908687e-25
545,1018,60,2.3026142578490518e-19
546,943,62,2.9987653670273406e-29
547,950,62,5.834130103566617e-28
548,1020,62,1.406907399690355e-20
549,598,66,1.7320678632043154e-21
550,606,66,5.749206902556109e-26
551,637,66,2.9143117208784208e-24
552,698,66,1.98872409503805e-28
553,847,66,8.880581844231467e-28
554,866,66,5.332516583083266e-27
555,875,66,2.3041818456030407e-26
556,1018,66,3.094783890681025e-21
557,543,67,3.984950597693608e-22
558,568,67,7.060985384457271e-23
559,569,67,2.3244140617914138e-21
560,581,67,6.029572140432245e-17
561,618,67,8.497315410300892e-28
562,653,67,5.708204997747476e-20
563,675,67,2.5050936947113513e-22
564,677,67,1.2002306229440064e-21
565,716,67,1.9327776558881631e-19
566,732,67,1.8035022155511045e-20
567,752,67,2.1078036208646318e-20
568,755,67,4.210185533206493e-19
569,803,67,4.696101497423003e-19
570,811,67,6.921084662799554e-21
571,879,67,2.4138093606403427e-12
572,898,67,1.7871735297572077e-13
573,908,67,2.2350047614653983e-17
574,924,67,2.088123275662902e-22
575,932,67,3.3256197141486907e-25
576,1012,67,3.724206019045287e-19
577,1053,67,9.09019069594305e-16
578,1066,67,1.1512173992802381e-24
579,698,68,1.1455403350533866e-23
580,606,69,8.874128448942858e-24
581,637,69,1.377821518439787e-24
582,698,69,3.416990653507683e-22
583,847,69,1.465554161630346e-18
584,866,69,3.0163331790536327e-14
585,875,69,8.605643387149036e-16
586,1018,69,1.1660452255165651e-24
587,537,72,2.4645138765855537e-25
588,560,72,3.145171876530821e-15
589,561,72,5.4563915686041375e-15
590,585,72,6.5678196671386086e-15
591,590,72,2.0631969978456016e-20
592,599,72,5.171269512089472e-14
593,602,72,1.0952351821284627e-22
594,623,72,7.522999001635061e-24
595,631,72,1.126725932184822e-19
596,642,72,1.9460698888517353e-24
597,657,72,3.497632890001411e-17
598,663,72,1.2412549645482863e-24
599,674,72,4.457287169176425e-25
600,708,72,1.772492250003356e-24
601,732,72,4.323779958449188e-19
602,735,72,8.771892279302546e-15
603,736,72,2.7925154595941217e-13
604,737,72,6.091256814318392e-15
605,738,72,7.218765940965308e-15
606,739,72,5.678115623073743e-13
607,740,72,2.118504288473384e-12
608,741,72,8.535200052757578e-12
609,759,72,2.999972406740283e-12
610,760,72,2.5009641025937575e-12
611,766,72,3.0536057175338006e-15
612,771,72,1.2893154014506947e-15
613,776,72,8.662058294060392e-18
614,777,72,2.3647456858390756e-13
615,786,72,5.754445255868108e-15
616,797,72,1.3315410033282804e-15
617,805,72,1.7146209667881016e-19
618,835,72,5.526815890493322e-15
619,842,72,1.6203508391208933e-14
620,846,72,4.073937537778184e-12
621,865,72,2.390050003696815e-10
622,888,72,1.4698366860242489e-16
623,905,72,2.8485620390246854e-15
624,921,72,5.302930100196704e-24
625,954,72,5.5064330026569366e-27
626,966,72,2.4872582363343405e-22
627,967,72,6.860229420768624e-23
628,995,72,5.016180699524199e-20
629,996,72,3.887653275649325e-21
630,1007,72,1.2225543349701902e-18
631,1046,72,1.9182118383933003e-21
632,1049,72,7.768018448696724e-24
633,1050,72,9.350587173358823e-26
634,1051,72,3.816291229548167e-24
635,1066,72,8.120511014828426e-25
636,552,73,2.1926433251327305e-24
637,652,73,2.9256908295722933e-26
638,963,73,1.1806013571429245e-25
639,991,73,3.2721726346899643e-18
640,998,73,1.1599344418197506e-19
641,1016,73,1.7085295278244807e-23
642,1045,73,9.131548309722173e-21
643,1064,73,1.5787363990451645e-20
644,676,74,7.61193123993523e-21
645,676,75,7.078056352182151e-24
646,705,75,9.030325024094442e-24
647,537,78,1.2333618793995945e-27
648,560,78,1.3516416507376339e-14
649,561,78,4.395672765804576e-10
650,585,78,5.37525120784377e-13
651,590,78,2.2780262360839963e-20
652,599,78,4.650275404416694e-10
653,602,78,2.235194544871734e-25
654,623,78,1.9365006535304426e-27
655,631,78,1.2063986438938476e-24
656,642,78,2.9577924881680513e-27
657,657,78,1.2593097965090438e-14
658,663,78,3.5041327494940715e-25
659,674,78,9.794711530659126e-27
660,708,78,6.703574935853777e-23
661,732,78,2.809928953693212e-10
662,735,78,7.435196892052276e-16
663,736,78,3.465386864268123e-15
664,737,78,5.27063746088733e-13
665,738,78,2.1602842814055035e-12
666,739,78,6.224211789891534e-12
667,740,78,2.0010685768707697e-15
668,741,78,3.537955065490224e-12
669,759,78,6.431743612108131e-13
670,760,78,1.0734779723848102e-12
671,766,78,1.1401182314201545e-13
672,771,78,4.058726829937417e-13
673,776,78,1.3181829992074748e-17
674,777,78,2.0468456743594518e-14
675,786,78,2.3623626372350323e-14
676,797,78,1.108915364701654e-09
677,805,78,2.995612974286194e-18
678,835,78,1.2056792536112277e-14
679,842,78,7.749128720734129e-12
680,846,78,3.4082588748939904e-07
681,865,78,8.27551170037833e-14
682,888,78,3.9092988765060586e-13
683,905,78,6.52093562108993e-11
684,921,78,2.0123491693239575e-25
685,954,78,9.57132475955847e-24
686,966,78,1.399212509287309e-25
687,967,78,2.0371414955498524e-25
688,995,78,3.220888360154113e-21
689,996,78,2.410568378610512e-22
690,1007,78,2.2937651780374767e-19
691,1046,78,1.5249500227100853e-24
692,1049,78,2.0278069319789354e-21
693,1050,78,7.252801809436415e-24
694,1051,78,1.2422439190654694e-22
695,1066,78,1.9363201484793423e-23
696,998,79,1.2478534864183768e-21
697,553,82,3.562201838950921e-18
698,647,82,1.7099232351171098e-07
699,676,82,1.2129519627564787e-22
700,802,82,3.4980724372569976e-12
701,1017,82,1.1935384076809932e-19
702,612,83,6.076753241187655e-26
703,965,83,7.254198183733553e-25
704,979,83,2.726280450277859e-25
705,982,83,2.781555802385927e-22
706,1004,83,1.436567875174239e-23
707,573,89,2.6289097339912465e-15
708,574,89,1.3792495714516514e-18
709,619,89,4.022642980102319e-28
710,638,89,1.0860852073414116e-24
711,737,89,7.224163873730606e-17
712,751,89,2.5073645339467525e-19
713,816,89,6.412663377496906e-16
714,936,89,6.0584196429317994e-30
715,573,90,1.0818923172388802e-10
716,574,90,1.4081116050170627e-14
717,619,90,9.539128186281452e-26
718,638,90,4.98888429904931e-20
719,737,90,3.741890019041296e-16
720,751,90,1.1347611102659345e-18
721,816,90,2.2722754992531065e-10
722,936,90,1.2450546271450362e-26
723,543,91,5.173768266960198e-28
724,568,91,4.019328274035499e-26
725,569,91,6.336010082433089e-29
726,581,91,1.1412129971349282e-21
727,618,91,2.9730585534828277e-25
728,653,91,4.7875888862622525e-29
729,675,91,3.974120704185742e-29
730,677,91,8.439420474441924e-30
731,716,91,2.4852185510459214e-25
732,732,91,4.920476404326105e-28
733,752,91,1.2454444181153196e-28
734,755,91,2.6781013642969156e-25
735,803,91,7.927874100681057e-24
736,811,91,2.0751846813803356e-26
737,879,91,1.8306923569130327e-20
738,898,91,6.2221264903966205e-19
739,924,91,3.914449866853172e-26
740,932,91,5.321322005198408e-26
741,1012,91,7.144668619985772e-29
742,1053,91,8.341921996624683e-26
743,1066,91,4.1797804663252553e-32
744,930,93,1.112144662609996e-23
745,962,93,2.1118106077193295e-20
746,1034,99,3.4613715548111487e-22
747,569,100,2.0214112523340183e-17
748,675,100,1.0599484648097111e-30
749,722,100,1.0430721744428045e-17
750,752,100,4.047751478502406e-18
751,787,100,3.3159087400339467e-16
752,842,100,1.2502087780502152e-18
753,843,100,2.248201886735045e-14
754,881,100,5.7736221921330784e-18
755,885,100,1.1793820948232145e-16
756,943,100,1.1329476117580437e-28
757,947,100,2.7681013773947963e-32
758,953,100,6.637706109454751e-27
759,549,101,1.1345805855227352e-36
760,549,102,1.8423051988027651e-25
761,658,103,8.97515738969354e-31
762,884,103,3.931618700918808e-26
763,606,104,2.279723537128849e-24
764,637,104,9.643880686361148e-31
765,698,104,1.3064887957113111e-30
766,847,104,7.45014210653705e-30
767,866,104,1.9937631612533592e-25
768,875,104,8.092144269937274e-25
769,1018,104,7.788755822784026e-27
770,534,105,2.1916104173633223e-22
771,595,105,7.824401229255435e-16
772,617,105,6.220208079437092e-27
773,645,105,9.057193498402662e-23
774,698,105,2.9073480081969932e-21
775,808,105,2.4072858205908835e-09
776,918,105,1.8332125293999706e-25
777,952,105,5.2757357117273385e-25
778,955,105,2.23101303399985e-26
779,1033,105,1.1424950831659187e-15
780,930,106,2.5855447322305626e-26
781,962,106,6.24660284995443e-22
782,878,107,5.696937491532846e-06
783,606,108,4.352012983357067e-21
784,637,108,2.4527516296543976e-23
785,698,108,2.918909587813427e-22
786,847,108,1.9091241723761262e-16
787,866,108,4.615322689327093e-09
788,875,108,3.711418328312607e-11
789,1018,108,3.2889584744490547e-18
790,937,112,3.9317716112759507e-28
791,658,113,4.079286355262066e-25
792,878,113,2.7878282364132937e-11
793,901,113,1.8225693724409714e-12
794,937,113,4.7256425321428717e-26
795,947,113,4.631073727174414e-29
796,951,113,1.0636714222223146e-24
797,958,113,1.583404146765343e-22
798,892,114,2.9383594989893456e-11
799,537,115,9.436671922717879e-25
800,560,115,5.917274807992881e-16
801,561,115,3.3795643725732097e-16
802,585,115,1.9021422155115023e-13
803,590,115,2.749856922038681e-24
804,599,115,1.9424205394175347e-12
805,602,115,2.5854516834678603e-22
806,606,115,4.024660952357227e-22
807,623,115,4.1314166181550374e-29
808,631,115,4.065938662743281e-20
809,637,115,6.544516414664873e-24
810,642,115,6.809320945513385e-22
811,657,115,8.097681496906403e-20
812,663,115,5.8250552822977566e-24
813,674,115,9.112837294851636e-23
814,698,115,4.648676547866688e-20
815,708,115,3.311281756446563e-23
816,732,115,3.4626697657672717e-19
817,735,115,5.825000278951389e-16
818,736,115,1.877544825993109e-15
819,737,115,1.9555585527549646e-15
820,738,115,1.2011179038424908e-15
821,739,115,2.9335420035818007e-12
822,740,115,1.363866465812641e-16
823,741,115,1.2378497874015995e-15
824,759,115,6.442599372755699e-15
825,760,115,1.0593510058100856e-12
826,766,115,4.391523651585317e-11
827,771,115,1.2615651489248526e-14
828,776,115,5.9284512417817565e-18
829,777,115,1.2655779925813388e-14
830,786,115,1.3114223853976109e-14
831,797,115,5.463325126629626e-12
832,805,115,3.3418708317027884e-18
833,835,115,8.90054307222695e-15
834,842,115,6.224506700874853e-14
835,846,115,2.4762217167535195e-13
836,847,115,8.372133719852188e-20
837,865,115,8.666899881958223e-14
838,866,115,1.590092189322364e-11
839,875,115,4.0570250687392475e-14
840,888,115,2.5567417664194286e-10
841,905,115,8.556052972947421e-13
842,915,115,2.34976917989222e-25
843,921,115,2.0217195640361524e-26
844,950,115,2.4545074294517102e-29
845,954,115,1.7179591262275227e-22
846,966,115,2.1436597349512615e-24
847,967,115,7.779846321998134e-24
848,995,115,1.7096250226653547e-20
849,996,115,2.6246873524411354e-21
850,1007,115,4.5042948426065224e-20
851,1018,115,1.0270492720050236e-20
852,1046,115,2.908767222980344e-22
853,1049,115,5.826644005115771e-20
854,1050,115,1.2139073489243193e-22
855,1051,115,3.178285802050865e-22
856,1066,115,5.665046932777026e-22
857,544,116,2.986691275459999e-21
858,625,116,2.020875786395995e-27
859,644,116,7.378438724265694e-24
860,684,116,2.5406209636434693e-18
861,697,116,2.0293760739091685e-18
862,732,116,1.593198971755025e-18
863,798,116,1.1398020897978313e-10
864,817,116,4.920105494387997e-12
865,885,116,1.6149493169081057e-14
866,926,116,9.902094048093832e-26
867,539,119,4.8256248662761155e-24
868,543,119,2.2736726178873148e-27
869,549,119,1.2274718678663605e-28
870,551,119,1.5964411884818052e-22
871,595,119,1.55048850872396e-14
872,597,119,8.477259177874031e-14
873,695,119,1.4993083308617614e-24
874,699,119,4.314502377602197e-22
875,703,119,8.412043774997057e-27
876,894,119,1.603517534377127e-16
877,895,119,1.3683619848300219e-17
878,927,119,7.4473932679669855e-25
879,928,119,3.404384984021701e-24
880,960,119,1.2303518323868942e-23
881,969,119,5.315590035961494e-21
882,983,119,2.4523251234742904e-25
883,1054,119,1.7489885235937166e-21
884,1060,119,8.359839906594261e-22
885,543,120,2.333895560438957e-28
886,568,120,2.0745530884817184e-12
887,569,120,3.9988570623549796e-15
888,581,120,4.895327425016648e-15
889,618,120,9.423679434772283e-32
890,653,120,4.55713235227813e-22
891,675,120,1.7125846782709453e-25
892,677,120,2.4092112482608473e-26
893,716,120,5.1817572146500396e-14
894,732,120,7.112674853462364e-19
895,752,120,4.2386970438669175e-18
896,755,120,6.573096511160633e-14
897,803,120,7.101144342253931e-16
898,811,120,3.79701288337253e-14
899,879,120,1.8432845741221771e-07
900,898,120,2.3100094243878756e-14
901,924,120,1.4020762388100133e-25
902,932,120,1.3020522993258066e-25
903,1012,120,7.437804890684248e-20
904,1053,120,7.301398130165124e-22
905,1066,120,9.407433105788931e-23
906,544,123,5.532993203153342e-22
907,625,123,1.4705355211310636e-26
908,644,123,6.395824596829988e-25
909,684,123,7.816077257993489e-21
910,697,123,7.91840776726098e-18
911,732,123,5.2392553988230915e-23
912,785,123,1.240362410538749e-19
913,786,123,1.5656294633767224e-22
914,798,123,4.352293343995423e-22
915,817,123,2.5012092016267824e-21
916,885,123,2.128780897561385e-24
917,926,123,5.460757498146724e-23
918,930,123,9.219181943409307e-25
919,557,124,2.490871228791785e-24
920,579,124,2.3763536483585458e-27
921,800,124,6.647687078856619e-24
922,895,124,1.543127813295456e-24
923,908,124,1.2097449421056344e-22
924,1001,124,1.9939337810181962e-19
925,543,125,5.35839400413986e-26
926,549,125,1.825575821434061e-29
927,551,125,2.75587057734238e-24
928,595,125,4.020819640324115e-28
929,597,125,6.521116427985374e-26
930,695,125,8.361759730469752e-18
931,703,125,1.828502209178121e-23
932,894,125,9.876398320168156e-25
933,895,125,8.682229770471679e-27
934,927,125,1.3377930909689776e-25
935,928,125,4.3944829911360375e-28
936,960,125,1.687668961090631e-08
937,983,125,1.0792567066481898e-13
938,1054,125,3.0634430883093296e-23
939,606,126,9.382220690697724e-09
940,637,126,1.2172797351247936e-25
941,689,126,3.7790089243256533e-17
942,698,126,1.3012210904236867e-23
943,832,126,8.343300940032736e-21
944,847,126,1.2261354330858414e-24
945,848,126,9.681801674482079e-27
946,866,126,1.8193968997282278e-23
947,875,126,1.3698590031072747e-24
948,917,126,7.193807484588026e-26
949,953,126,4.2673585826216085e-22
950,955,126,2.975197952397442e-24
951,1018,126,8.754099839537102e-25
952,605,127,8.812940606247421e-13
953,615,127,9.740157305052617e-25
954,534,134,1.3845727239409587e-19
955,595,134,3.8135799461457227e-25
956,617,134,2.0820392787669958e-29
957,685,134,2.484767093504836e-18
958,698,134,1.2549189799961036e-23
959,808,134,3.945648263058833e-28
960,845,134,1.7879960592308519e-19
961,918,134,1.0210814241196911e-24
962,952,134,4.442586358952473e-24
963,955,134,5.728032844435719e-27
964,544,136,1.6955184451998385e-21
965,625,136,9.806092250697235e-26
966,644,136,1.433591918933659e-24
967,684,136,5.753674774524854e-23
968,697,136,2.2311998681691905e-16
969,732,136,3.917630539377768e-26
970,798,136,8.357888929572106e-21
971,817,136,4.307545948550101e-21
972,885,136,5.527851437586624e-24
973,926,136,2.027654805838198e-23
974,554,137,1.470452333650822e-17
975,543,138,1.1775328599445103e-26
976,549,138,1.463434645770224e-26
977,551,138,9.055629901774953e-24
978,595,138,9.35157062901744e-21
979,597,138,4.84142521337891e-22
980,695,138,3.9608292846131034e-24
981,703,138,1.4283100436846382e-24
982,894,138,2.6089561189657767e-25
983,895,138,2.773443978948119e-23
984,927,138,1.7191782592297862e-20
985,928,138,4.576805831338227e-24
986,960,138,1.4527536068424442e-12
987,983,138,2.0073834082884547e-15
988,1054,138,2.6943512821445202e-19
989,594,142,1.953588218247498e-33
990,708,142,1.1925123079458573e-22
991,909,142,3.188185425885694e-31
992,543,143,6.34127568902185e-28
993,549,143,5.479010949921691e-32
994,551,143,2.7002765138314272e-30
995,595,143,1.0678810996506427e-35
996,597,143,6.177951242532665e-32
997,695,143,8.192804093079577e-25
998,703,143,5.644464495190284e-28
999,893,143,1.368311084605229e-31
1000,894,143,8.566587023159071e-38
1001,895,143,8.596718825686101e-32
1002,927,143,1.183081135520587e-09
1003,928,143,4.9457550870288463e-14
1004,936,143,8.747619581087845e-24
1005,960,143,2.674871041733573e-22
1006,983,143,1.6846562486189672e-28
1007,1054,143,4.033336547850731e-21
1008,537,144,1.1496817881211714e-28
1009,560,144,3.542663868419038e-33
1010,561,144,3.540900586435018e-32
1011,585,144,1.2255343580510216e-30
1012,590,144,1.1672655898681283e-25
1013,599,144,2.651422533347552e-30
1014,602,144,6.206138153354665e-26
1015,623,144,1.2154608833714521e-15
1016,631,144,7.243766667965939e-22
1017,642,144,7.323406020611766e-27
1018,657,144,5.404344880624428e-26
1019,663,144,3.2167612122238996e-26
1020,674,144,1.91066825083831e-27
1021,708,144,5.767863920731821e-21
1022,732,144,1.540494976818985e-32
1023,735,144,3.863020955470306e-32
1024,736,144,5.527963987180375e-30
1025,737,144,7.917354694251714e-33
1026,738,144,2.567491772482221e-35
1027,739,144,5.024887785937648e-32
1028,740,144,5.98495361098994e-35
1029,741,144,2.9507906857302567e-33
1030,759,144,6.857929453717854e-28
1031,760,144,1.0410504390208447e-28
1032,766,144,5.922018283576334e-31
1033,771,144,2.1201402696471954e-29
1034,776,144,1.5865587615272737e-32
1035,777,144,2.6806765950001493e-29
1036,786,144,5.739756081192214e-30
1037,797,144,1.9036157497063325e-32
1038,805,144,5.262488337124854e-32
1039,835,144,8.420237207839447e-32
1040,842,144,3.4058781400243003e-31
1041,846,144,1.386517317213783e-28
1042,865,144,3.0664142547760347e-32
1043,888,144,4.366152636935001e-29
1044,905,144,2.5062824719525244e-30
1045,921,144,6.525456541965595e-16
1046,954,144,2.5807827741640057e-13
1047,966,144,2.5668627864410684e-27
1048,967,144,6.760116073239811e-26
1049,995,144,2.60536140459992e-23
1050,996,144,3.879404473894049e-24
1051,1007,144,1.850086021212339e-23
1052,1046,144,2.3136107552473946e-23
1053,1049,144,1.2564724023189064e-21
1054,1050,144,6.039508297692724e-20
1055,1051,144,5.873448991755858e-23
1056,1066,144,4.3673518958773745e-26
1057,658,145,5.846072411600283e-29
1058,878,145,5.577439618105335e-29
1059,901,145,3.0458598976738076e-30
1060,914,145,1.1726253921143045e-11
1061,938,145,2.4021472489256284e-13
1062,947,145,1.0574018330112738e-14
1063,951,145,3.85189917417147e-12
1064,958,145,1.8356908117271264e-27
1065,543,146,3.1956107597480926e-27
1066,549,146,2.854096960646621e-31
1067,551,146,3.7052853644394632e-28
1068,552,146,1.0506066810663703e-27
1069,595,146,1.80372926802095e-35
1070,597,146,1.424309885936107e-33
1071,652,146,1.091607854636335e-23
1072,695,146,1.87506457223953e-25
1073,703,146,1.1497266370527183e-29
1074,894,146,6.228873982396471e-33
1075,895,146,3.958635541279788e-37
1076,927,146,1.3640330928847806e-16
1077,928,146,2.2967682567975493e-16
1078,960,146,1.848791257698661e-24
1079,963,146,7.282694882200238e-21
1080,983,146,9.360263149132265e-24
1081,991,146,1.4784873660859278e-21
1082,1016,146,3.91794171542319e-23
1083,1045,146,3.0060114130115295e-25
1084,1054,146,2.1441906475824367e-24
1085,1064,146,1.8471194019729903e-23
1086,658,147,1.115968940936675e-31
1087,878,147,1.548457179200513e-30
1088,901,147,6.672091190269863e-33
1089,947,147,7.789555002974921e-12
1090,951,147,3.870184210163716e-09
1091,958,147,6.6394259546015305e-28
1092,544,148,1.289262444707505e-25
1093,625,148,8.668672849299707e-14
1094,644,148,5.953621860094006e-24
1095,684,148,9.555483033350854e-25
1096,697,148,8.393817701401693e-23
1097,732,148,1.261710204500972e-31
1098,798,148,7.152833461791097e-32
1099,817,148,6.368115416339495e-25
1100,885,148,1.3264513371031195e-30
1101,926,148,1.2728635686301749e-10
1102,537,149,7.169440771603709e-30
1103,560,149,3.369336017393752e-32
1104,561,149,2.9257416006627293e-35
1105,585,149,5.91747543405868e-29
1106,590,149,5.169259752668426e-26
1107,599,149,1.6326334938285847e-30
1108,602,149,6.165178342307924e-24
1109,623,149,5.018059086995082e-08
1110,631,149,2.1208160390732204e-22
1111,642,149,1.4079317747254037e-26
1112,657,149,2.1176861925326123e-25
1113,663,149,2.2353372911199333e-26
1114,674,149,2.066155272228821e-23
1115,708,149,1.045196951205851e-23
1116,732,149,2.2138836232399523e-30
1117,735,149,6.384296103742763e-33
1118,736,149,4.907037671380247e-30
1119,737,149,1.3112744133859471e-33
1120,738,149,3.3753730810657225e-32
1121,739,149,7.493043666449629e-31
1122,740,149,4.5480617134164e-35
1123,741,149,7.185958278606595e-31
1124,759,149,6.904673308356126e-30
1125,760,149,2.1543683488434e-29
1126,766,149,2.267339277763777e-30
1127,771,149,2.1528769744512915e-30
1128,776,149,1.6348691932001052e-33
1129,777,149,3.3879961603617024e-30
1130,786,149,1.560954539783664e-30
1131,797,149,6.9147471245693936e-31
1132,805,149,2.269120896389098e-30
1133,835,149,1.1471642256738875e-32
1134,842,149,3.837257956456253e-32
1135,846,149,1.1806693772859326e-29
1136,865,149,2.5726374119704488e-30
1137,888,149,4.8761619592649545e-30
1138,905,149,1.362264550722175e-31
1139,921,149,1.117159224633407e-16
1140,954,149,7.646312501931377e-10
1141,966,149,3.6077404278387473e-25
1142,967,149,1.1315515150462335e-22
1143,995,149,4.965711353330984e-24
1144,996,149,4.852952604451817e-23
1145,1007,149,3.552971193431911e-22
1146,1046,149,2.1719980390808036e-21
1147,1049,149,1.902393046177325e-23
1148,1050,149,8.68648308282501e-24
1149,1051,149,8.061414233727508e-24
1150,1066,149,6.849282682983299e-27
1151,537,150,4.997669352113508e-27
1152,560,150,3.7940703717587605e-31
1153,561,150,5.818096071226425e-36
1154,585,150,5.914044591547245e-33
1155,590,150,4.911361071182241e-29
1156,599,150,2.7746090213382134e-35
1157,602,150,5.767226198390841e-25
1158,623,150,5.600304677220222e-13
1159,631,150,6.170744298907728e-23
1160,642,150,3.6222031676014385e-24
1161,657,150,2.186706830529842e-28
1162,663,150,1.4096786840096145e-23
1163,674,150,9.395302763443685e-25
1164,708,150,3.4250921098090933e-28
1165,732,150,6.133022925539692e-37
1166,735,150,1.8848003531746515e-31
1167,736,150,1.2528960354804652e-29
1168,737,150,6.238483731950475e-30
1169,738,150,6.16801622135556e-34
1170,739,150,4.080342682886203e-28
1171,740,150,1.597341370211637e-33
1172,741,150,3.2481921977061973e-29
1173,759,150,2.573234289234272e-31
1174,760,150,2.957149829624961e-28
1175,766,150,4.172859365043159e-33
1176,771,150,3.442422334145868e-31
1177,776,150,1.8782659352199302e-32
1178,777,150,1.9183058997099825e-34
1179,786,150,1.997440369056132e-34
1180,797,150,6.239564976983506e-30
1181,805,150,7.104630094285658e-33
1182,835,150,1.093139970246452e-33
1183,842,150,6.691493212702819e-32
1184,846,150,6.073605618852208e-35
1185,865,150,5.803681604274766e-32
1186,888,150,4.891043572275231e-36
1187,905,150,2.1087553698980304e-31
1188,921,150,2.493858886697792e-17
1189,954,150,6.500029406407716e-11
1190,966,150,7.89394285113865e-22
1191,967,150,6.939308773513095e-22
1192,995,150,3.0115318516459303e-21
1193,996,150,1.7756211672021593e-20
1194,1007,150,9.71186138481926e-24
1195,1046,150,1.2680471977765343e-22
1196,1049,150,1.6710854795389353e-24
1197,1050,150,1.3008529991861876e-23
1198,1051,150,3.068245217335757e-22
1199,1066,150,6.466622377657587e-24
1200,998,153,9.987743051424469e-20
1201,544,156,3.0608629242681587e-26
1202,625,156,9.761352967095771e-15
1203,644,156,4.931071381686547e-27
1204,684,156,1.670349091411316e-26
1205,697,156,2.1443903053720593e-27
1206,732,156,3.1288490346025787e-34
1207,798,156,2.9753655555601203e-31
1208,817,156,2.5249981975790673e-29
1209,885,156,2.2916772451158383e-31
1210,926,156,3.6672789715766864e-08
1211,543,158,8.872381219028118e-31
1212,549,158,4.923251134023338e-29
1213,551,158,2.3869702410186525e-29
1214,595,158,4.413653275716504e-30
1215,597,158,4.906405433995448e-38
1216,695,158,2.0227293812837046e-29
1217,703,158,7.763912404332905e-33
1218,894,158,2.4368745228565127e-40
1219,895,158,2.8958644373525103e-37
1220,927,158,3.402827901851888e-16
1221,928,158,1.6083041456834248e-14
1222,960,158,1.9068758137273248e-30
1223,983,158,7.1765339117932525e-31
1224,1054,158,7.805246944679818e-22
1225,914,161,1.1986792302486496e-10
1226,938,161,4.943181320102375e-12
1227,930,162,1.2913482179970563e-14
1228,962,162,3.307144712297514e-26
1229,534,163,1.2757945273684761e-31
1230,595,163,8.466910277101827e-35
1231,606,163,6.609098873702604e-29
1232,617,163,4.074851342005956e-28
1233,637,163,4.259721975939455e-27
1234,662,163,1.598200657739376e-33
1235,698,163,7.531246938123633e-30
1236,808,163,2.4491389232111704e-25
1237,847,163,5.038589168771631e-33
1238,866,163,5.572298743535618e-29
1239,875,163,1.3558760643774172e-32
1240,918,163,4.1843615635891e-28
1241,952,163,3.4035246697175193e-26
1242,955,163,2.2878440682846805e-26
1243,1018,163,5.001918526454117e-28
1244,936,166,9.278034863914176e-17
1245,606,167,4.010633789245099e-24
1246,637,167,6.960759059344721e-29
1247,698,167,4.695432533270837e-30
1248,842,167,2.968937873763683e-29
1249,847,167,2.0481751222759344e-32
1250,866,167,5.704424027629065e-27
1251,875,167,3.668603384254032e-26
1252,894,167,5.94792677847491e-28
1253,962,167,2.597403551697087e-21
1254,1018,167,2.15445807719508e-23
1255,573,168,1.736827483527051e-35
1256,574,168,4.492755335654779e-37
1257,619,168,6.715912697484332e-13
1258,638,168,8.779547071357898e-26
1259,737,168,3.837359157400927e-32
1260,751,168,4.156108980025147e-31
1261,816,168,1.0581281909972832e-33
1262,936,168,9.987960584421658e-21
1263,936,169,5.887360966420151e-20
1264,534,171,9.688520775373945e-26
1265,595,171,2.9798837878435794e-41
1266,617,171,7.777732060815299e-16
1267,625,171,1.2218013195308824e-11
1268,685,171,5.680991289463633e-23
1269,698,171,3.2057550367251522e-28
1270,808,171,6.220687749347185e-37
1271,845,171,9.820600306028459e-30
1272,917,171,1.5991009927984063e-13
1273,918,171,1.7949386496303085e-12
1274,952,171,1.604272215356953e-12
1275,955,171,1.9574132803120376e-10
1276,637,172,3.48182771377153e-26
1277,915,172,1.1591001356175302e-11
1278,950,172,3.2660327911616865e-20
1279,978,174,3.3581508990518136e-21
1280,551,175,1.1734090200981745e-25
1281,606,175,3.595463827782902e-23
1282,637,175,3.670312307303232e-25
1283,698,175,4.074043638505906e-27
1284,847,175,5.433360158706843e-33
1285,866,175,1.3716922931201542e-30
1286,875,175,2.2871503461863114e-32
1287,936,175,4.007263756557493e-22
1288,1018,175,7.233653615302225e-27
1289,543,176,1.3506825391335495e-28
1290,549,176,2.2649537188507653e-26
1291,551,176,1.7004083592188025e-31
1292,595,176,1.207974942128808e-36
1293,597,176,1.3122683175999526e-37
1294,625,176,1.257848249365335e-12
1295,695,176,1.7193900446802526e-31
1296,703,176,2.594305030223362e-26
1297,894,176,8.985162120543611e-35
1298,895,176,1.0601088693418724e-33
1299,917,176,1.6070950978055412e-13
1300,927,176,1.3057797207313483e-10
1301,928,176,4.535100748708798e-15
1302,960,176,7.01931115852587e-26
1303,983,176,4.377454809558859e-24
1304,1054,176,1.690752648551256e-21
1305,544,177,1.7784394825948615e-24
1306,589,177,7.401472382139496e-29
1307,625,177,3.521551977108606e-18
1308,644,177,1.327046220959113e-25
1309,684,177,2.800621077908457e-28
1310,697,177,4.6662357284236e-24
1311,732,177,7.781871835913304e-28
1312,798,177,5.2410181096608e-29
1313,817,177,8.990155891305546e-28
1314,885,177,1.2356755320699757e-34
1315,926,177,2.6028157910576017e-16
1316,543,179,4.958855492927793e-30
1317,549,179,1.741572954639219e-29
1318,551,179,4.591581570398298e-28
1319,595,179,3.71064999371515e-31
1320,597,179,1.189756887401499e-35
1321,695,179,4.0944567377293066e-27
1322,703,179,1.0327675362910546e-33
1323,894,179,2.489544619744938e-34
1324,895,179,6.466513479446213e-33
1325,927,179,2.37572337134217e-17
1326,928,179,5.644383674434341e-18
1327,960,179,2.616802285692786e-26
1328,983,179,2.0198171335000765e-30
1329,1054,179,7.895519819531387e-21
1330,658,181,1.4198597179368716e-31
1331,878,181,4.6916463126071655e-29
1332,901,181,2.2826071729859473e-32
1333,947,181,9.398645682931673e-13
1334,951,181,5.3266373117307944e-11
1335,958,181,6.1461180237303304e-27
1336,544,183,4.362883133064541e-23
1337,569,183,1.4038729884618573e-30
1338,625,183,2.0098022850962775e-38
1339,644,183,1.259015333787109e-30
1340,675,183,2.399499390179211e-25
1341,684,183,6.811670245845989e-28
1342,697,183,6.467618720434469e-24
1343,722,183,2.8303686481735636e-28
1344,732,183,6.472051377808428e-30
1345,752,183,7.600605288301554e-29
1346,787,183,7.325886072029949e-30
1347,798,183,2.961439887836769e-29
1348,817,183,2.148469122574501e-25
1349,842,183,1.0163173286298335e-25
1350,843,183,1.8202234782560167e-29
1351,881,183,1.3946048562440213e-26
1352,885,183,1.1117452355716477e-27
1353,926,183,4.552156026722772e-34
1354,943,183,1.1602365765899779e-38
1355,947,183,4.03314346364425e-37
1356,953,183,1.1431410656333748e-30
1357,544,185,2.082330028227355e-25
1358,606,185,6.754758701182119e-23
1359,625,185,8.57604105980109e-11
1360,637,185,5.448215711495725e-28
1361,644,185,1.1027344708870301e-27
1362,684,185,2.6280176146622284e-25
1363,697,185,5.786160640617591e-26
1364,698,185,1.0075062871678248e-29
1365,732,185,6.745974690817518e-33
1366,798,185,2.032074616795377e-28
1367,817,185,2.6562848696417834e-27
1368,847,185,1.0845046703368715e-33
1369,866,185,1.5795113189273875e-32
1370,875,185,2.4285985085242513e-31
1371,885,185,6.047692126354885e-33
1372,926,185,4.737599790194479e-11
1373,1018,185,9.236324698482172e-26
1374,632,187,2.711483837454961e-13
1375,717,187,2.3785000123139425e-19
1376,537,188,3.021049508951655e-24
1377,560,188,1.3088639373133121e-18
1378,561,188,1.0390737131477032e-23
1379,585,188,3.523470379533679e-22
1380,590,188,6.831911442214594e-27
1381,599,188,5.364686757015564e-25
1382,602,188,2.672042854608527e-22
1383,623,188,3.0998145182199348e-27
1384,631,188,2.0510775828822735e-12
1385,642,188,1.34474415173664e-13
1386,657,188,1.4661133209226059e-18
1387,663,188,5.813057167731099e-22
1388,674,188,2.7725280811477607e-24
1389,708,188,8.432592887078371e-25
1390,732,188,7.905040004399687e-26
1391,735,188,7.137752330077168e-23
1392,736,188,1.3449927394579935e-21
1393,737,188,2.862037690495122e-21
1394,738,188,1.86439795880581e-20
1395,739,188,7.29607943392865e-17
1396,740,188,3.2438522620186686e-22
1397,741,188,1.5208390277500206e-19
1398,759,188,2.1038477830281664e-22
1399,760,188,2.5285930368635274e-16
1400,766,188,5.376251086140327e-24
1401,771,188,1.4638082470920932e-23
1402,776,188,4.0287867133466617e-25
1403,777,188,1.1729786072552853e-25
1404,786,188,3.7517603101466836e-22
1405,797,188,1.0834637379055147e-18
1406,805,188,3.0935949116016927e-24
1407,835,188,9.677766044005094e-23
1408,842,188,7.770324215789588e-24
1409,846,188,5.006486701583987e-22
1410,865,188,3.3775140475145885e-22
1411,888,188,1.396142591523034e-23
1412,905,188,1.8901352667259835e-20
1413,921,188,1.321296980181083e-22
1414,954,188,5.078139211623542e-21
1415,966,188,2.876843245391506e-21
1416,967,188,6.472450654864949e-22
1417,995,188,2.0860313327953556e-09
1418,996,188,8.810077144851772e-08
1419,1007,188,5.369912082287009e-12
1420,1046,188,5.508350313805069e-12
1421,1049,188,1.9905421543434067e-11
1422,1050,188,6.59190533258485e-14
1423,1051,188,5.60518474849288e-12
1424,1066,188,5.085174306135449e-08
1425,742,189,2.2702090596851086e-23
1426,743,189,8.026900514846041e-20
1427,744,189,1.2763305924447467e-20
1428,745,189,7.210805338345199e-22
1429,746,189,3.661863669441405e-21
1430,747,189,2.1312656635431546e-22
1431,748,189,3.0101914899304303e-24
1432,661,191,3.6431190701622494e-16
1433,537,193,1.2746431217614214e-23
1434,560,193,9.591720688212656e-28
1435,561,193,1.1128401595866209e-22
1436,585,193,9.997445301955568e-28
1437,590,193,4.10585710971656e-28
1438,599,193,2.1700505357850153e-26
1439,602,193,4.0667161935051424e-26
1440,623,193,3.191750304329008e-26
1441,631,193,8.486389961570072e-15
1442,642,193,1.052274735611715e-13
1443,657,193,1.0471465970719547e-24
1444,663,193,2.2068925400073663e-24
1445,674,193,7.158328548175157e-23
1446,708,193,1.8930386431695502e-24
1447,732,193,1.934625878934493e-26
1448,735,193,1.8058481395518388e-23
1449,736,193,2.092722204797666e-24
1450,737,193,2.1377822852383256e-22
1451,738,193,5.9699945857856e-23
1452,739,193,9.682569663312649e-21
1453,740,193,4.479561033756461e-24
1454,741,193,1.0590881721030763e-22
1455,759,193,6.6365234414666395e-25
1456,760,193,1.4662469769859332e-19
1457,766,193,3.516705900114577e-24
1458,771,193,7.727437228207025e-22
1459,776,193,1.1886243119923283e-25
1460,777,193,6.752013059955697e-26
1461,786,193,6.535936898564257e-25
1462,797,193,9.476891797344004e-23
1463,805,193,7.193536850238396e-22
1464,835,193,4.14085262745792e-23
1465,842,193,7.079962691428077e-24
1466,846,193,4.7361400608369475e-23
1467,865,193,2.457871638092965e-21
1468,888,193,1.043265166259974e-20
1469,905,193,7.782911927409114e-17
1470,921,193,4.232580511287687e-25
1471,954,193,2.2884029410325368e-23
1472,966,193,9.525239601896229e-23
1473,967,193,1.7323099498622954e-24
1474,995,193,4.982957213377092e-13
1475,996,193,1.984242505718634e-12
1476,1007,193,1.2042050595274905e-12
1477,1046,193,1.4068047258476973e-12
1478,1049,193,2.5452882295470575e-11
1479,1050,193,6.915384120700352e-12
1480,1051,193,3.725962086816438e-10
1481,1066,193,1.25971922146325e-13
1482,637,194,1.1276369054828435e-15
1483,915,194,9.69974857481223e-23
1484,950,194,2.7431791185736608e-27
1485,544,196,1.018791407131238e-20
1486,625,196,1.6796362280641455e-24
1487,644,196,3.105460427322181e-12
1488,652,196,9.308005171243311e-24
1489,684,196,2.6504579134190456e-20
1490,697,196,5.325425776621302e-18
1491,732,196,6.800935691756983e-26
1492,798,196,4.5575778897875426e-24
1493,817,196,1.0554796381513086e-20
1494,836,196,1.0396621114854658e-19
1495,885,196,9.468560042526311e-27
1496,926,196,5.340087231066992e-23
1497,959,196,4.5958409996829076e-23
1498,1005,196,4.340099790227789e-12
1499,544,197,1.0157955207637037e-22
1500,556,197,9.580212535747116e-27
1501,625,197,2.823980997001977e-22
1502,644,197,5.268864005019448e-14
1503,684,197,9.302370764445872e-22
1504,697,197,9.268033877474322e-22
1505,732,197,3.276181746989147e-26
1506,798,197,3.452823462327747e-21
1507,817,197,3.969178821516185e-21
1508,885,197,3.2103835729371834e-20
1509,926,197,6.781824602315991e-23
1510,979,198,6.278431631768472e-25
1511,539,199,4.224725716381501e-24
1512,543,199,7.377685016552564e-26
1513,597,199,1.8216351648996573e-26
1514,699,199,3.1780493152624085e-24
1515,573,200,4.393565357792128e-18
1516,574,200,5.569076517100648e-22
1517,619,200,3.7783100598412824e-25
1518,638,200,1.588213347374992e-11
1519,737,200,4.361021528200311e-27
1520,751,200,9.725152160035032e-24
1521,816,200,3.3156844004982257e-22
1522,936,200,4.295376868136729e-28
1523,573,201,1.6712297227827204e-20
1524,574,201,4.504984516677387e-27
1525,619,201,4.315226902418293e-22
1526,638,201,1.4734586275676113e-12
1527,737,201,1.9077024649513146e-26
1528,751,201,5.441061830625316e-25
1529,816,201,1.79156682761301e-21
1530,936,201,1.9085505623412358e-28
1531,573,202,2.2350632578639734e-21
1532,574,202,1.429581783441068e-25
1533,619,202,1.7465465933682174e-24
1534,638,202,1.0917824888424282e-10
1535,737,202,8.135196726191281e-23
1536,751,202,1.2911360635786857e-26
1537,816,202,1.5163007139220572e-22
1538,936,202,1.9734988361693913e-28
1539,537,203,3.653400162835828e-25
1540,560,203,2.2872137717146753e-25
1541,561,203,4.912020847652459e-24
1542,585,203,1.8671956591630643e-27
1543,590,203,1.0433561796710442e-27
1544,599,203,2.3018694829563762e-23
1545,602,203,3.171077567444948e-26
1546,623,203,1.0340796062784333e-25
1547,631,203,1.5034169251938368e-15
1548,642,203,9.112286705070315e-14
1549,657,203,1.3232731339843035e-24
1550,663,203,1.6539566927583472e-26
1551,674,203,2.0859028266780804e-20
1552,708,203,2.279965821486025e-25
1553,732,203,1.9952835198927354e-26
1554,735,203,2.1615269402721442e-26
1555,736,203,1.1910921432055289e-24
1556,737,203,1.8646712212431681e-22
1557,738,203,2.539793143022316e-23
1558,739,203,4.384768534446231e-24
1559,740,203,5.174212151236102e-23
1560,741,203,1.1176444725898861e-24
1561,759,203,8.11954966562268e-26
1562,760,203,5.774678682686711e-24
1563,766,203,5.477520659517513e-24
1564,771,203,7.664043547947148e-19
1565,776,203,4.2386688363591155e-26
1566,777,203,9.397052803803868e-21
1567,786,203,2.177382131998697e-25
1568,797,203,5.008317229992143e-21
1569,805,203,2.6805620661561975e-26
1570,835,203,1.6749377336937641e-21
1571,842,203,3.1640454482224317e-22
1572,846,203,6.911158067674939e-23
1573,865,203,4.490232524982122e-22
1574,888,203,1.198192365742291e-21
1575,905,203,1.1824542792286601e-16
1576,921,203,7.647516789211035e-24
1577,954,203,1.1629892929010563e-24
1578,966,203,1.3292556145683212e-20
1579,967,203,6.06463343615917e-26
1580,995,203,3.285158075089686e-08
1581,996,203,1.7746680938766536e-06
1582,1007,203,5.887492940710616e-11
1583,1046,203,1.0048181353687774e-11
1584,1049,203,6.452183985026538e-12
1585,1050,203,1.0805139753984175e-11
1586,1051,203,4.133007179501848e-11
1587,1066,203,1.4588005477167603e-12
1588,637,204,1.7495392024994878e-12
1589,915,204,1.3365100638260024e-22
1590,950,204,4.2923554400245113e-26
1591,544,207,7.173039007073299e-24
1592,625,207,3.806998693769015e-24
1593,644,207,1.2175161951516497e-12
1594,684,207,4.694415412629683e-21
1595,697,207,9.33539318409824e-23
1596,732,207,1.5813186592007308e-26
1597,798,207,1.5261307920474887e-26
1598,817,207,7.707937964575666e-23
1599,885,207,8.204379235052616e-23
1600,926,207,7.123723485998421e-23
1601,537,209,2.584470734913882e-25
1602,560,209,3.0774936512452835e-18
1603,561,209,7.657354632867032e-25
1604,585,209,7.825865830431881e-19
1605,590,209,1.1500992963985407e-23
1606,599,209,6.587031644555001e-21
1607,602,209,1.2166691407220473e-28
1608,623,209,1.1550938623732193e-25
1609,631,209,2.108984837104732e-14
1610,642,209,9.79455656411832e-15
1611,657,209,1.1198458397949688e-23
1612,663,209,3.364734744313808e-25
1613,674,209,1.2031985059389037e-20
1614,708,209,2.958541468803287e-22
1615,732,209,1.0889479893984658e-21
1616,735,209,1.5286494688683028e-28
1617,736,209,6.116569506061492e-24
1618,737,209,4.386880044075572e-24
1619,738,209,1.6079110873670134e-26
1620,739,209,6.949686768911238e-23
1621,740,209,4.7690804527982554e-27
1622,741,209,1.6395884862389268e-25
1623,758,209,1.59041652639307e-21
1624,759,209,1.400044623455622e-23
1625,760,209,6.535390198635218e-21
1626,766,209,3.2833227432483613e-24
1627,771,209,4.173880305229975e-21
1628,776,209,6.275323485796888e-23
1629,777,209,1.1702935553739579e-23
1630,786,209,1.4824019994876605e-27
1631,797,209,2.82667325429893e-20
1632,805,209,2.43119819526127e-25
1633,835,209,3.6542769799937994e-22
1634,842,209,6.060899865974796e-23
1635,846,209,1.0711709138814167e-21
1636,865,209,4.931930212317837e-25
1637,888,209,1.4505804159750075e-22
1638,905,209,4.178399238583757e-21
1639,921,209,1.717653328587177e-21
1640,954,209,1.1295006924412552e-22
1641,966,209,1.4129783906661263e-19
1642,967,209,1.1726259902027915e-25
1643,995,209,9.442601970553396e-12
1644,996,209,3.802195555478033e-09
1645,1007,209,6.056774047004831e-08
1646,1046,209,6.815330855297174e-13
1647,1049,209,2.9708943000997484e-08
1648,1050,209,3.7482175040285794e-09
1649,1051,209,1.4155599523889506e-09
1650,1066,209,2.1185965481395087e-12
1651,591,210,2.4514125595040478e-23
1652,876,210,1.6128612680545605e-16
1653,953,212,2.7934465330105425e-27
1654,537,215,4.5539655103106083e-23
1655,560,215,1.951056055031629e-25
1656,561,215,1.0414154350987216e-27
1657,585,215,9.988593583332667e-22
1658,590,215,1.8953276981274117e-22
1659,599,215,7.539691959212826e-19
1660,602,215,2.1495501080993942e-23
1661,623,215,9.7093223381155e-27
1662,631,215,9.485948288282805e-14
1663,642,215,3.996459854799825e-06
1664,657,215,2.0757949382656856e-21
1665,663,215,3.062961170648249e-23
1666,674,215,6.221152565701601e-23
1667,708,215,3.034065422544022e-22
1668,732,215,5.966850412694795e-25
1669,735,215,2.1170330947977577e-23
1670,736,215,2.1940194384516357e-24
1671,737,215,9.749583132107544e-23
1672,738,215,9.188661889417228e-25
1673,739,215,1.4252705252165402e-23
1674,740,215,4.366216899980396e-23
1675,741,215,2.0180863618788241e-22
1676,759,215,1.0413871373326628e-21
1677,760,215,2.7488800040794897e-21
1678,766,215,5.3102895514685405e-21
1679,771,215,1.326530761230594e-19
1680,776,215,1.4806305085791137e-20
1681,777,215,1.0323654123950142e-22
1682,786,215,5.133220255034969e-23
1683,797,215,1.2962843281051036e-20
1684,805,215,9.346446493575069e-23
1685,835,215,7.54910266092618e-20
1686,842,215,4.1693596720931984e-23
1687,846,215,5.844906525370361e-18
1688,865,215,5.911586958592364e-19
1689,888,215,7.320381058669199e-21
1690,905,215,1.58089076855247e-19
1691,921,215,2.273021005292859e-22
1692,954,215,2.3633896708088307e-18
1693,966,215,5.479318164909508e-20
1694,967,215,3.5201039424219484e-24
1695,995,215,5.163692931880984e-06
1696,996,215,1.0109279483587009e-10
1697,1007,215,1.5764033668836698e-09
1698,1046,215,4.6571350476227516e-11
1699,1049,215,1.2185086025446775e-07
1700,1050,215,6.343600446495049e-11
1701,1051,215,2.221548209161574e-09
1702,1066,215,8.590154427065235e-10
1703,543,218,8.121286591819595e-25
1704,568,218,2.364228510714244e-25
1705,569,218,9.202376137963707e-27
1706,581,218,3.234720601882191e-24
1707,618,218,1.3860850917122594e-27
1708,653,218,1.6894611683391676e-15
1709,675,218,6.800877141159662e-26
1710,677,218,4.3568076780585024e-29
1711,716,218,4.2445311772292436e-21
1712,732,218,2.413873530818858e-27
1713,752,218,1.5912308198540594e-26
1714,755,218,4.259270320737226e-21
1715,803,218,1.9037079277238808e-23
1716,811,218,9.864052257529894e-21
1717,879,218,2.245268259702444e-20
1718,898,218,5.250866494628254e-23
1719,924,218,3.563485470591553e-25
1720,932,218,2.53609051714949e-21
1721,978,218,6.2238441441579335e-22
1722,1012,218,3.421497015088664e-11
1723,1053,218,4.4998492689314796e-11
1724,1066,218,2.754026376746045e-11
1725,534,219,1.0
1726,595,219,2.292570792448273e-27
1727,617,219,5.728840019099618e-29
1728,685,219,2.141953625637208e-11
1729,698,219,3.197614893768768e-20
1730,808,219,6.864517212651633e-27
1731,845,219,5.630015281886125e-22
1732,918,219,7.326937675618088e-28
1733,952,219,2.4060914595696796e-26
1734,955,219,2.078191496717212e-30
1735,535,220,1.0
1736,563,220,1.1982676247216174e-22
1737,592,220,9.825066201298863e-27
1738,654,220,7.402799556425641e-24
1739,886,220,4.6742215183350615e-25
1740,536,221,1.0
1741,970,221,6.662110539072797e-23
1742,974,221,1.368015249843586e-21
1743,1007,221,1.928160668283606e-21
1744,1023,221,2.752160541610311e-29
1745,1036,221,1.2390689860721424e-26
1746,537,222,1.0
1747,560,222,1.3348928772344183e-23
1748,561,222,8.55665362546695e-23
1749,585,222,2.810673373889539e-27
1750,590,222,3.7549090453134455e-29
1751,599,222,8.73897064410475e-30
1752,602,222,1.063646566012947e-24
1753,623,222,7.642225786780315e-30
1754,631,222,2.6091842146527146e-21
1755,642,222,5.9008210115974766e-27
1756,657,222,8.679799330089379e-24
1757,663,222,1.3152101007396488e-17
1758,674,222,7.383909636321575e-25
1759,708,222,2.07433645951532e-21
1760,732,222,6.831473086506839e-30
1761,735,222,1.1036417246688627e-19
1762,736,222,2.01319485146509e-22
1763,737,222,2.30160154030785e-22
1764,738,222,2.9287773344195293e-24
1765,739,222,2.2492411242270305e-20
1766,740,222,4.392654858719964e-23
1767,741,222,1.9295542715921703e-22
1768,759,222,8.335170766323955e-23
1769,760,222,1.1581148068521573e-24
1770,766,222,8.46048429626859e-25
1771,771,222,5.122964248234096e-24
1772,776,222,2.3080756186804234e-29
1773,777,222,2.361163445482956e-26
1774,786,222,1.702582675994476e-24
1775,797,222,8.096312943907963e-28
1776,805,222,8.92426132309153e-30
1777,835,222,9.111868887085849e-22
1778,842,222,1.147377627231072e-25
1779,846,222,1.2632740099107132e-25
1780,865,222,8.017683613249654e-27
1781,888,222,5.517080347071694e-26
1782,905,222,6.804143364799843e-26
1783,921,222,1.0391124340239538e-27
1784,954,222,2.940262201902331e-32
1785,966,222,5.995519541900131e-20
1786,967,222,6.105604461613421e-22
1787,993,222,2.3112206752484735e-29
1788,995,222,5.6748652669669784e-24
1789,996,222,1.1716531954594976e-22
1790,1007,222,9.97961468287722e-28
1791,1046,222,7.087927622900565e-27
1792,1049,222,3.4072461992134805e-26
1793,1050,222,1.7015305812341925e-23
1794,1051,222,4.4778428933377e-21
1795,1066,222,1.6216500711897785e-27
1796,538,223,1.0
1797,539,224,1.0
1798,543,224,2.4466918159924013e-18
1799,597,224,2.7268795458157917e-25
1800,699,224,1.6949407603889207e-11
1801,833,224,1.967043914536927e-23
1802,540,225,1.0
1803,541,226,0.9999999992549115
1804,543,226,2.9769470366513636e-21
1805,549,226,1.2569530916463992e-22
1806,551,226,2.5500647878352622e-17
1807,595,226,1.7365984159058607e-23
1808,597,226,1.5745260597564243e-22
1809,695,226,3.514984006667078e-24
1810,703,226,1.5958557813793832e-26
1811,894,226,1.3533495540368552e-23
1812,895,226,1.4917652446392605e-24
1813,927,226,1.8254825740280858e-30
1814,928,226,3.4887181314041525e-31
1815,936,226,2.0710905099147693e-34
1816,960,226,3.9591925098312924e-28
1817,983,226,4.118116713712367e-26
1818,1054,226,3.2426344842773454e-25
1819,542,227,1.0
1820,543,228,1.0
1821,549,228,6.986199865551834e-18
1822,551,228,2.2745044850597935e-21
1823,568,228,1.9556817680481562e-29
1824,569,228,8.115755578745774e-25
1825,581,228,2.095102777637677e-23
1826,595,228,6.568452956008771e-26
1827,597,228,1.455820035443345e-27
1828,618,228,7.449136589559152e-26
1829,653,228,1.1506606588397908e-18
1830,675,228,8.285375046614811e-23
1831,677,228,4.611517150903487e-22
1832,695,228,4.5016668296357955e-20
1833,703,228,3.2076353415620136e-22
1834,716,228,5.312512148889985e-25
1835,732,228,9.394995474440529e-27
1836,752,228,8.671411881961553e-26
1837,755,228,7.498149476920825e-24
1838,803,228,2.017311293382465e-22
1839,811,228,2.4302520587485595e-28
1840,879,228,1.2232729715415643e-21
1841,894,228,1.6560274535981346e-28
1842,895,228,2.04780356367392e-27
1843,898,228,1.2400466664432732e-26
1844,924,228,2.6532164526716797e-29
1845,927,228,8.623963819261984e-30
1846,928,228,1.2427021374673958e-33
1847,932,228,6.68734267875623e-30
1848,960,228,9.684151070160541e-28
1849,983,228,2.462213825980882e-25
1850,1012,228,1.6021440253022618e-26
1851,1053,228,9.035537823491535e-26
1852,1054,228,9.517697075700301e-28
1853,1066,228,1.6911799901596503e-29
1854,544,229,0.9999999990091022
1855,545,230,1.0
1856,546,231,1.0
1857,575,231,7.04306315908963e-20
1858,603,231,3.577782932085483e-23
1859,611,231,7.976915266223357e-29
1860,681,231,4.794417979627956e-16
1861,682,231,3.267380050342116e-17
1862,820,231,2.6240608764817615e-21
1863,821,231,9.322614194712431e-23
1864,822,231,6.491550154288771e-21
1865,823,231,4.011806650400855e-19
1866,824,231,6.6693381800442644e-21
1867,825,231,2.1803090961832997e-20
1868,826,231,2.0200506458222726e-20
1869,827,231,1.7757880638878547e-20
1870,1025,231,2.406016471156914e-24
1871,1026,231,1.616727534602371e-20
1872,547,232,1.0
1873,548,233,1.0
1874,543,234,4.377132072586375e-18
1875,549,234,1.0
1876,551,234,4.865701334437316e-19
1877,595,234,7.111238516788765e-27
1878,597,234,8.518331395516821e-27
1879,695,234,2.678574272737262e-23
1880,703,234,8.374942837552222e-20
1881,894,234,3.499234469656954e-29
1882,895,234,8.929735761759378e-30
1883,927,234,1.3188629141028626e-32
1884,928,234,8.075605938401668e-30
1885,960,234,4.089210103732958e-29
1886,983,234,2.876594257350875e-27
1887,1054,234,7.584056295390473e-27
1888,550,235,1.0
1889,543,236,2.7181749793660574e-26
1890,549,236,4.312138383040967e-22
1891,551,236,1.0
1892,595,236,1.6107565721375202e-22
1893,597,236,4.412229357706241e-23
1894,695,236,3.9109432933272315e-28
1895,703,236,8.621447912046859e-29
1896,894,236,1.0500681444837682e-24
1897,895,236,8.460845116135294e-27
1898,927,236,8.486496643210731e-32
1899,928,236,4.682410099240247e-34
1900,960,236,1.0744483027913142e-26
1901,983,236,1.5406713750209599e-27
1902,1054,236,2.1135958428104405e-26
1903,552,237,1.0
1904,652,237,8.923332363512007e-19
1905,657,237,2.719423770405791e-23
1906,692,237,5.863535623399455e-22
1907,963,237,1.1536610555947418e-27
1908,991,237,4.004653103965731e-18
1909,1016,237,1.5126801158182406e-25
1910,1045,237,9.284688155328485e-25
1911,1064,237,1.234741012511658e-26
1912,553,238,1.0
1913,647,238,6.511127686789136e-20
1914,649,238,3.322895289378908e-18
1915,676,238,2.6119313719115505e-18
1916,748,238,3.850170908925728e-17
1917,772,238,1.1948028678696513e-18
1918,802,238,3.0199953433885835e-19
1919,818,238,6.179651934764856e-16
1920,1017,238,5.816339283964248e-24
1921,1059,238,3.418928538226219e-20
1922,554,239,0.9983769777154071
1923,555,240,1.0
1924,556,241,1.0
1925,557,242,1.0
1926,579,242,9.926203890014187e-18
1927,800,242,1.2101695452297652e-15
1928,895,242,1.8549066469332044e-18
1929,908,242,1.9503711515963215e-14
1930,1001,242,3.76319143042192e-23
1931,558,243,1.0
1932,559,244,1.0
1933,537,245,1.0840426463667452e-24
1934,560,245,1.0
1935,561,245,2.247657383470285e-10
1936,585,245,7.61959824378874e-12
1937,590,245,2.2652716539789473e-23
1938,599,245,1.09614240194004e-14
1939,602,245,1.1237222658643824e-23
1940,623,245,1.7406070765876484e-28
1941,631,245,6.937648662718607e-21
1942,642,245,4.448076854685294e-25
1943,657,245,9.068643683050404e-15
1944,663,245,2.49801524983794e-22
1945,674,245,4.371208233993047e-25
1946,708,245,1.4618139786799246e-27
1947,732,245,4.3098919490979155e-18
1948,735,245,1.5118399095783552e-14
1949,736,245,3.455738520017057e-14
1950,737,245,6.631486504854645e-11
1951,738,245,2.0492318528067575e-09
1952,739,245,1.1306126198560905e-11
1953,740,245,5.224792461577201e-13
1954,741,245,1.7160926699934408e-10
1955,759,245,5.012982660537912e-15
1956,760,245,1.806088855562697e-11
1957,766,245,1.6869949292554025e-16
1958,771,245,5.900954833447482e-16
1959,776,245,3.1639728062769988e-21
1960,777,245,3.144500442915403e-17
1961,786,245,2.4236323618058722e-14
1962,797,245,1.8661111366190054e-11
1963,805,245,3.95418187674272e-18
1964,835,245,4.080819021331703e-18
1965,842,245,4.630204725172121e-12
1966,846,245,1.1670522857701658e-16
1967,865,245,1.3023512472315249e-19
1968,888,245,2.240953598913449e-18
1969,905,245,4.921978048061719e-16
1970,921,245,1.7310548340480912e-25
1971,954,245,1.9292248862159106e-29
1972,966,245,9.960395626026566e-25
1973,967,245,1.9951629878891293e-25
1974,995,245,1.6258833156826958e-22
1975,996,245,4.08479242560923e-21
1976,1007,245,1.1011793454683792e-20
1977,1046,245,2.0924928474349864e-29
1978,1049,245,7.222658886935878e-27
1979,1050,245,2.693569046538761e-25
1980,1051,245,7.39276675179951e-26
1981,1066,245,1.1754143705655315e-29
1982,537,246,6.123229879419128e-21
1983,560,246,2.7401817038093425e-08
1984,561,246,1.0
1985,585,246,2.966518807361047e-11
1986,590,246,7.105694134172543e-18
1987,599,246,4.472207147580407e-12
1988,602,246,6.780851875754352e-23
1989,623,246,9.928648697835534e-23
1990,631,246,1.7514786281454723e-17
1991,642,246,5.354205639732919e-27
1992,657,246,2.2631460724811945e-11
1993,663,246,1.2198891868151672e-21
1994,674,246,2.4203329004351913e-24
1995,708,246,3.0680076713689547e-24
1996,732,246,1.108131428543509e-14
1997,735,246,3.5539321777230265e-15
1998,736,246,1.1232793177343521e-12
1999,737,246,9.324885768308865e-12
2000,738,246,1.0097365018778036e-09
2001,739,246,1.9358127177194695e-11
2002,740,246,4.8021908406549367e-14
2003,741,246,4.695601255609212e-10
2004,759,246,8.798735210012355e-12
2005,760,246,6.650761841063806e-12
2006,766,246,3.433044342216104e-14
2007,771,246,8.1172307165799e-15
2008,776,246,3.8213662661007585e-19
2009,777,246,1.1446782722590605e-16
2010,786,246,1.1638011764349684e-14
2011,797,246,7.224875176473218e-12
2012,805,246,5.876388454533192e-19
2013,835,246,3.461074185765524e-17
2014,842,246,3.977828454286037e-12
2015,846,246,1.0988427041015238e-13
2016,865,246,1.1346755643248024e-17
2017,888,246,3.582964527295741e-16
2018,905,246,2.936778541504828e-13
2019,921,246,1.3176551835028034e-26
2020,954,246,2.1037139428039914e-31
2021,966,246,5.543646685211854e-24
2022,967,246,2.8874870669453368e-24
2023,995,246,5.53484380517292e-23
2024,996,246,1.862359454919246e-19
2025,1002,246,7.492100958941352e-21
2026,1007,246,1.7221380057839478e-22
2027,1046,246,1.235558008387405e-25
2028,1049,246,5.838162684038438e-26
2029,1050,246,1.098676195035678e-26
2030,1051,246,8.79600953807078e-24
2031,1066,246,2.3501804860867885e-26
2032,562,247,1.0
2033,563,248,1.0
2034,592,248,4.3646247525589694e-13
2035,654,248,9.893664732586896e-27
2036,886,248,3.896179327088423e-11
2037,564,249,1.0
2038,565,250,1.0
2039,566,251,1.0
2040,567,252,1.0
2041,568,253,1.0
2042,543,254,4.172397427588473e-25
2043,568,254,1.3182995953882318e-10
2044,569,254,1.0
2045,581,254,2.9022739786904352e-08
2046,618,254,2.214489104028483e-26
2047,653,254,6.715700330323857e-20
2048,675,254,1.0252302776129936e-22
2049,677,254,3.092816405680207e-25
2050,716,254,6.600649052839751e-12
2051,722,254,1.7737769164733137e-15
2052,732,254,6.587183891925868e-15
2053,752,254,5.082601206747222e-16
2054,755,254,8.675814822464883e-15
2055,787,254,5.3340219398583226e-14
2056,803,254,4.935219999521775e-16
2057,811,254,3.951783098465391e-13
2058,842,254,6.436305072723404e-17
2059,843,254,2.4925196642512813e-10
2060,879,254,2.393727019005268e-09
2061,881,254,1.475667077234897e-17
2062,885,254,1.1499641109577426e-13
2063,898,254,4.469545265348038e-12
2064,924,254,1.510306259843273e-26
2065,932,254,8.228082971896114e-30
2066,943,254,9.758953640636894e-33
2067,947,254,9.9273054400963e-37
2068,953,254,1.2023030129767267e-35
2069,1012,254,1.9587491636190688e-25
2070,1053,254,6.152073306011134e-25
2071,1066,254,2.806735765248109e-20
2072,570,255,1.0
2073,597,255,8.963437406299855e-14
2074,784,255,2.43340257663138e-12
2075,829,255,2.3896509958073977e-12
2076,571,256,1.0
2077,572,257,1.0
2078,573,258,1.0
2079,574,258,2.7839164825076944e-07
2080,619,258,1.6178628191385186e-26
2081,638,258,6.453221914068312e-20
2082,737,258,1.9403842158736172e-13
2083,751,258,3.0365534042914455e-17
2084,816,258,4.199609909070382e-10
2085,936,258,1.8537567672199992e-34
2086,573,259,0.005376524190562808
2087,574,259,1.0
2088,619,259,3.821558897003169e-26
2089,638,259,4.826970619412202e-19
2090,737,259,6.467406356202993e-12
2091,751,259,1.5620733227519862e-16
2092,816,259,5.819517604909276e-11
2093,936,259,4.85833629364245e-31
2094,546,260,1.2062185433011279e-21
2095,575,260,1.0
2096,603,260,4.568088887760575e-21
2097,611,260,4.1763764698534365e-30
2098,681,260,1.925098865663337e-24
2099,682,260,4.267506637839778e-22
2100,820,260,2.305850822191932e-13
2101,821,260,4.504424434585738e-17
2102,822,260,2.0752942325179946e-15
2103,823,260,7.068044289777428e-13
2104,824,260,9.036996627954102e-12
2105,825,260,8.856920621943693e-12
2106,826,260,6.022134552832735e-13
2107,827,260,7.018947297712138e-16
2108,1025,260,1.6408569818728491e-21
2109,1026,260,2.2120794781183613e-23
2110,576,261,1.0
2111,828,261,2.5921722706617874e-12
2112,577,262,1.0
2113,847,262,5.828002856519605e-18
2114,848,262,7.701327697898712e-11
2115,924,262,2.1671034616831084e-30
2116,951,262,7.102270714032012e-30
2117,955,262,2.0384445841861245e-30
2118,1004,262,1.2201685483018698e-24
2119,578,263,1.0
2120,557,264,1.1650995581356353e-11
2121,579,264,1.0
2122,688,264,3.647332672442095e-27
2123,800,264,5.475970692049793e-19
2124,835,264,1.4634096621118462e-15
2125,895,264,7.389976983797232e-16
2126,908,264,2.0069540985645296e-13
2127,1001,264,9.057356732696379e-27
2128,580,265,1.0
2129,543,266,8.465892553129478e-27
2130,568,266,1.0041089579485511e-14
2131,569,266,2.2897554012875237e-11
2132,581,266,1.0
2133,618,266,4.365794962604552e-23
2134,653,266,3.658511130339928e-23
2135,675,266,5.594413355282206e-25
2136,677,266,4.400440125627478e-22
2137,716,266,1.3176566390961467e-12
2138,732,266,3.7497980879540276e-16
2139,752,266,3.186148837365048e-19
2140,755,266,3.4905614578345806e-14
2141,803,266,1.2225243842352682e-15
2142,811,266,3.1124010171031205e-14
2143,879,266,1.1054377459773907e-09
2144,898,266,3.4096074485166005e-13
2145,924,266,4.101002344145007e-28
2146,932,266,1.7206433449343313e-23
2147,1012,266,1.2962871455003873e-22
2148,1053,266,1.5168652719006696e-24
2149,1066,266,2.3934070646232583e-26
2150,582,267,1.0
2151,942,267,2.506008604584549e-30
2152,583,268,1.0
2153,603,268,8.153939243177554e-21
2154,584,269,1.0
2155,537,270,3.2703206861643307e-28
2156,560,270,5.172002673299102e-11
2157,561,270,1.1520833805584063e-11
2158,585,270,1.0
2159,590,270,2.4572213576274565e-17
2160,592,270,5.226953561727077e-10
2161,599,270,1.8354815231754046e-08
2162,602,270,4.5861550630202574e-26
2163,623,270,2.472050009133496e-24
2164,631,270,3.337557942756156e-22
2165,642,270,4.891618268059378e-22
2166,657,270,9.535477423668986e-15
2167,663,270,6.184304888688629e-25
2168,674,270,2.281362195349022e-23
2169,688,270,3.701067839142953e-20
2170,708,270,4.689854924942951e-25
2171,732,270,6.131924801984953e-14
2172,735,270,1.6657973233220772e-16
2173,736,270,2.4164482989171763e-14
2174,737,270,2.3337573113261196e-14
2175,738,270,5.977251587986588e-16
2176,739,270,5.847439515006982e-12
2177,740,270,2.3380389815115228e-15
2178,741,270,8.362327245275963e-15
2179,759,270,7.40434326855146e-14
2180,760,270,2.7440128813190025e-12
2181,766,270,2.967607265984718e-14
2182,771,270,7.965279866333863e-14
2183,776,270,9.741968183814126e-20
2184,777,270,4.597959783221364e-15
2185,786,270,1.2418850939094495e-15
2186,797,270,4.0967003175394775e-13
2187,805,270,7.263874974087646e-16
2188,835,270,4.898526212432583e-15
2189,842,270,3.381445015867127e-12
2190,846,270,1.7201749596131146e-13
2191,847,270,6.560926035683837e-18
2192,848,270,1.6288383870906023e-13
2193,865,270,7.14377634417871e-17
2194,888,270,4.1442481057334796e-16
2195,905,270,3.538449078560451e-15
2196,921,270,9.761592329859696e-25
2197,924,270,1.0884551321320892e-30
2198,951,270,1.0419013697212928e-31
2199,954,270,9.403410877285395e-26
2200,955,270,1.270844668431947e-30
2201,966,270,7.669145432425277e-26
2202,967,270,7.099467952156495e-27
2203,995,270,1.709053420076632e-20
2204,996,270,1.2678093962773038e-22
2205,1004,270,2.5095664307710316e-19
2206,1007,270,3.0036039271836537e-20
2207,1027,270,2.9412845650659984e-21
2208,1046,270,2.3468096410511212e-23
2209,1049,270,1.7454319652065786e-21
2210,1050,270,7.676138265340577e-23
2211,1051,270,4.549841229123207e-23
2212,1066,270,8.63488236811731e-28
2213,586,271,1.0
2214,587,272,1.0
2215,588,273,1.0
2216,568,274,1.616732557850462e-16
2217,589,274,1.0
2218,620,274,7.484868070111436e-27
2219,624,274,1.7528291449294543e-24
2220,644,274,4.306463055688624e-24
2221,664,274,6.267407969166541e-18
2222,668,274,1.5434901093318885e-22
2223,537,275,2.9058401435765014e-27
2224,560,275,4.7841168052911517e-23
2225,561,275,3.2049221444764554e-19
2226,585,275,3.7133466214122184e-17
2227,590,275,1.0
2228,599,275,6.303087173943464e-18
2229,602,275,7.9318242464839e-28
2230,623,275,2.5367944643295204e-23
2231,631,275,3.393716368582888e-24
2232,642,275,2.4733579705301855e-27
2233,657,275,2.77715531375562e-22
2234,663,275,1.8784732865847306e-23
2235,674,275,8.32773068033997e-25
2236,708,275,4.188156190633786e-25
2237,732,275,5.047981076184071e-23
2238,735,275,6.646211651026807e-26
2239,736,275,7.877221109870382e-24
2240,737,275,5.876720919590598e-24
2241,738,275,4.856883858140045e-26
2242,739,275,3.559069987222806e-24
2243,740,275,1.6156319471593321e-24
2244,741,275,2.8707144023703103e-24
2245,759,275,1.4210132062066616e-19
2246,760,275,9.037098694401006e-23
2247,766,275,1.9468789336588402e-20
2248,771,275,1.6788880042568843e-22
2249,776,275,3.669265709154906e-24
2250,777,275,4.982286216245979e-25
2251,786,275,1.0525613326200673e-24
2252,797,275,9.276177529439111e-22
2253,800,275,1.8862756748155348e-21
2254,805,275,1.0976978629702132e-26
2255,835,275,2.0853237813810953e-24
2256,842,275,3.1748384731461085e-24
2257,846,275,3.418777984603166e-21
2258,865,275,7.214290221717911e-23
2259,888,275,2.540735914815772e-25
2260,905,275,8.818924627106503e-24
2261,921,275,2.2474838040358172e-23
2262,954,275,2.783675634785153e-28
2263,966,275,1.3030842607313577e-30
2264,967,275,3.694661431327531e-33
2265,995,275,6.661276268310182e-28
2266,996,275,1.615698027705095e-26
2267,1007,275,1.3484530737912891e-24
2268,1046,275,5.655347904355531e-29
2269,1049,275,5.481774674204089e-29
2270,1050,275,1.388528274165006e-32
2271,1051,275,4.11677724684142e-29
2272,1066,275,5.8467923184585065e-24
2273,591,276,1.0
2274,876,276,6.3124633789655175e-12
2275,563,277,1.3616069283595506e-12
2276,585,277,1.2686000479486826e-11
2277,592,277,1.0
2278,605,277,4.410284425905375e-26
2279,654,277,3.4286235235663165e-20
2280,688,277,3.36598443469764e-17
2281,886,277,3.1118676910628507e-12
2282,593,278,1.0
2283,594,279,0.9999997820652317
2284,604,279,1.6331769233442811e-21
2285,841,279,1.1949755093744355e-11
2286,1023,279,1.0435677597459527e-29
2287,534,280,3.5972835677171914e-26
2288,543,280,6.796695562430301e-25
2289,549,280,2.14307277410319e-24
2290,551,280,4.2244004547151017e-19
2291,595,280,1.0
2292,597,280,5.708737354955224e-11
2293,617,280,1.0410618470648109e-25
2294,695,280,1.2605467373813043e-27
2295,698,280,2.9347854506840907e-21
2296,703,280,8.72846780560081e-25
2297,808,280,2.5978049119340585e-16
2298,894,280,1.2076502086819091e-14
2299,895,280,2.5362378592632575e-15
2300,918,280,2.3344710729095525e-30
2301,927,280,1.8614415315157537e-25
2302,928,280,2.0128781228726696e-28
2303,952,280,1.3360750571115892e-27
2304,955,280,1.948987163291234e-35
2305,960,280,7.9247274285118495e-28
2306,983,280,1.3764694744753147e-28
2307,1054,280,1.1443656224341322e-23
2308,596,281,1.0
2309,539,282,7.069070272536494e-26
2310,543,282,3.0539490049217614e-25
2311,549,282,2.793450144540767e-26
2312,551,282,1.3219424478601236e-20
2313,570,282,1.299483991925755e-12
2314,595,282,5.482446031010536e-11
2315,597,282,1.0
2316,695,282,1.0163373771078083e-24
2317,699,282,5.762378354327828e-21
2318,703,282,9.210475003911285e-24
2319,784,282,1.1059208217047839e-14
2320,829,282,2.8764589703169554e-14
2321,894,282,1.066001158150486e-16
2322,895,282,4.9534132195194354e-17
2323,927,282,3.5137790402100017e-26
2324,928,282,4.6346324699619744e-27
2325,960,282,9.003318057967602e-27
2326,983,282,1.2807124494428905e-26
2327,1054,282,3.47214985942537e-23
2328,598,283,0.9999999999959857
2329,537,284,6.4561295547829234e-27
2330,560,284,1.6265360561419235e-13
2331,561,284,2.884025244459265e-12
2332,585,284,1.0202170391856486e-07
2333,590,284,2.2213622074061502e-17
2334,599,284,1.0
2335,602,284,2.2250124637510038e-21
2336,623,284,5.369021121388526e-23
2337,631,284,1.808509630755045e-21
2338,642,284,2.2233640902692464e-22
2339,657,284,3.2917803850793297e-16
2340,663,284,3.137002352713717e-25
2341,674,284,1.7719216353753462e-25
2342,708,284,3.2518281291344283e-26
2343,732,284,1.2927239687027853e-14
2344,735,284,4.464019163739121e-16
2345,736,284,4.184584744808399e-14
2346,737,284,7.808362151578274e-14
2347,738,284,8.798520692224691e-14
2348,739,284,5.827608800684239e-12
2349,740,284,8.005121983562527e-14
2350,741,284,1.0732291746891739e-13
2351,759,284,6.817261427372168e-14
2352,760,284,3.605446055566086e-11
2353,766,284,3.712137888428901e-14
2354,771,284,1.0786545558160287e-11
2355,776,284,2.286162802603891e-16
2356,777,284,6.139620219368285e-16
2357,786,284,1.5924767561500057e-14
2358,797,284,1.597416986082974e-13
2359,805,284,2.0623881862987035e-17
2360,835,284,1.8533151698127728e-16
2361,842,284,2.258044178917999e-15
2362,846,284,4.6824540369734895e-12
2363,865,284,4.779020437937863e-16
2364,888,284,4.114454606866246e-14
2365,905,284,1.4052262513188878e-14
2366,921,284,2.2974792622358364e-25
2367,954,284,6.045816953124725e-25
2368,966,284,2.096583706477542e-28
2369,967,284,6.6088555205650885e-28
2370,995,284,3.2758561179680897e-22
2371,996,284,1.251207557242797e-24
2372,1007,284,3.334551584424694e-20
2373,1046,284,1.5458227221792536e-25
2374,1049,284,1.4862764462063166e-23
2375,1050,284,3.7932083290166286e-26
2376,1051,284,1.2219810332275003e-26
2377,1066,284,1.0606550587306967e-22
2378,600,285,1.0
2379,601,286,1.0
2380,537,287,5.50566277418982e-26
2381,560,287,8.540037957078409e-23
2382,561,287,1.6851302121675037e-22
2383,585,287,1.7479635471592286e-24
2384,590,287,1.7890337800997823e-28
2385,599,287,5.908523659995824e-22
2386,602,287,1.0
2387,623,287,2.304089859367117e-24
2388,631,287,6.549710759914952e-21
2389,642,287,4.049846142574429e-24
2390,657,287,3.9068625093734615e-23
2391,663,287,6.325828526636689e-19
2392,674,287,1.101733319733306e-20
2393,708,287,4.085078539788997e-20
2394,732,287,9.817252763940737e-29
2395,735,287,2.1047822076277056e-26
2396,736,287,2.170303791451581e-24
2397,737,287,4.340959260685656e-24
2398,738,287,1.6866216218369606e-22
2399,739,287,1.1510428063505011e-23
2400,740,287,7.6660545371249845e-25
2401,741,287,1.251500646924799e-21
2402,759,287,4.382163262120881e-24
2403,760,287,3.051892442028864e-25
2404,766,287,1.718895537173617e-27
2405,771,287,1.1429362348892668e-26
2406,776,287,3.1420248460413035e-28
2407,777,287,1.7361810154262824e-25
2408,786,287,1.0678997489853222e-24
2409,797,287,1.4127527534089708e-25
2410,805,287,2.617193204310417e-26
2411,835,287,1.4130942682849908e-27
2412,842,287,4.368421413894371e-26
2413,846,287,8.106861991448359e-25
2414,865,287,9.639210290981433e-26
2415,888,287,9.123609666184303e-26
2416,905,287,1.2985554035333676e-23
2417,921,287,5.1294201679287575e-21
2418,954,287,5.690980008546798e-28
2419,966,287,4.920724802899552e-14
2420,967,287,2.0303134472917173e-06
2421,995,287,8.019792854412852e-27
2422,996,287,1.0444332543803066e-27
2423,1007,287,9.667660016132111e-27
2424,1046,287,5.277724284222454e-27
2425,1049,287,4.1752989396977395e-24
2426,1050,287,4.384764259890698e-29
2427,1051,287,1.484625549488318e-23
2428,1066,287,1.4111930389599342e-31
2429,546,288,1.4331786175650069e-21
2430,552,288,2.6079071806785682e-22
2431,575,288,4.063660611458004e-22
2432,583,288,1.6846535896733823e-20
2433,603,288,0.9999999999995234
2434,611,288,2.4507289459248015e-26
2435,652,288,8.15682232608531e-23
2436,681,288,3.850522242270474e-22
2437,682,288,3.0400298709259683e-19
2438,820,288,1.062991072261662e-21
2439,821,288,1.6835962369362254e-25
2440,822,288,4.793572527059962e-24
2441,823,288,1.716882860955813e-23
2442,824,288,3.626722852899033e-23
2443,825,288,8.690553657857242e-25
2444,826,288,9.530404036565108e-21
2445,827,288,2.4840142881999895e-24
2446,963,288,5.39998865800605e-12
2447,991,288,6.18478114233673e-25
2448,1016,288,2.0241092954629218e-26
2449,1025,288,1.4470960272647477e-24
2450,1026,288,9.301414285695063e-30
2451,1045,288,8.689249836374376e-25
2452,1064,288,1.5220070228586127e-24
2453,604,289,1.0
2454,841,289,1.4282433426105803e-25
2455,972,289,0.05775290106644739
2456,977,289,2.193081617744138e-12
2457,1005,289,3.206840523329155e-24
2458,1023,289,5.6778514685104936e-30
2459,543,290,4.728419089052742e-24
2460,568,290,7.941425860274171e-25
2461,569,290,6.87391974664645e-23
2462,581,290,8.499570608011667e-22
2463,592,290,3.283730182084666e-22
2464,605,290,1.0
2465,618,290,1.912040851189642e-24
2466,653,290,3.554081551654775e-18
2467,675,290,4.302624019073185e-20
2468,677,290,1.4603611097977242e-20
2469,710,290,2.35701604549999e-21
2470,716,290,1.926947003770428e-21
2471,732,290,9.33883141393869e-28
2472,752,290,8.411582707994174e-27
2473,755,290,1.1853724623645652e-19
2474,803,290,3.538515602230815e-22
2475,811,290,2.906341855048729e-20
2476,833,290,2.1612479139104723e-22
2477,879,290,2.951177526879788e-20
2478,885,290,2.240669845260041e-25
2479,898,290,8.114469070579465e-24
2480,924,290,1.5916335719657152e-25
2481,932,290,2.579968612742208e-21
2482,1012,290,4.405640756102574e-20
2483,1016,290,6.2893674044650235e-24
2484,1053,290,1.8525014382863212e-20
2485,1066,290,5.443352229083794e-26
2486,543,291,8.490710844436219e-23
2487,549,291,1.4038162864043382e-24
2488,551,291,1.2304246213908866e-25
2489,595,291,2.264277229359456e-22
2490,597,291,2.106919094329782e-22
2491,606,291,1.0
2492,637,291,5.948531882152901e-23
2493,695,291,5.368137849673823e-21
2494,698,291,1.513271214886246e-25
2495,703,291,1.6745061131662861e-25
2496,847,291,3.8777255942250525e-25
2497,866,291,3.14010591340065e-25
2498,875,291,1.3560140192374806e-21
2499,894,291,1.6112530174530958e-27
2500,895,291,4.707086773535451e-28
2501,927,291,3.5694338179833903e-25
2502,928,291,1.4706862268729342e-25
2503,960,291,1.1773382512477407e-13
2504,983,291,4.158216601659222e-10
2505,1018,291,8.312171413676619e-26
2506,1054,291,4.422363395002637e-24
2507,543,292,1.2861455523821822e-22
2508,549,292,1.5662209201942506e-24
2509,551,292,6.915702379215433e-24
2510,595,292,1.6226131649689457e-25
2511,597,292,4.3388576067712265e-21
2512,607,292,1.0
2513,695,292,2.013692944995505e-20
2514,703,292,3.457949690977076e-20
2515,894,292,2.1530901753432672e-26
2516,895,292,8.810957614098378e-26
2517,927,292,9.840869805239995e-28
2518,928,292,1.2504516183604879e-29
2519,960,292,1.0346542996716773e-11
2520,983,292,3.981620068299418e-14
2521,1054,292,3.999922024979933e-26
2522,608,293,1.0
2523,609,294,1.0
2524,544,295,6.143354271772635e-27
2525,610,295,0.9999999999999295
2526,625,295,5.190679964900439e-13
2527,644,295,9.601590975005973e-25
2528,684,295,8.071189627829018e-24
2529,697,295,3.763305446368299e-23
2530,732,295,1.214597543958234e-33
2531,798,295,9.985115746331026e-31
2532,817,295,7.4479637747330485e-31
2533,885,295,8.215980086492952e-35
2534,926,295,2.8920546572148626e-12
2535,546,296,3.000212134678431e-29
2536,575,296,7.349611284117381e-32
2537,603,296,1.8299020217453723e-26
2538,611,296,1.0
2539,681,296,1.62890148829568e-24
2540,682,296,1.2944225674268421e-25
2541,820,296,1.392999073893516e-36
2542,821,296,6.228530622320633e-35
2543,822,296,1.3369597100582771e-34
2544,823,296,4.758270821837581e-37
2545,824,296,2.18049329418996e-37
2546,825,296,2.8119930909001344e-33
2547,826,296,2.41275596473372e-32
2548,827,296,1.8877924250188478e-36
2549,1025,296,4.436808876964328e-27
2550,1026,296,4.3649391841304145e-24
2551,612,297,1.0
2552,623,297,1.1474019604843841e-10
2553,624,297,8.461914205187293e-13
2554,918,297,5.1703689530453336e-14
2555,927,297,5.608572732154294e-13
2556,965,297,1.8519225686347468e-24
2557,979,297,2.1442324177033477e-26
2558,982,297,3.695581693932139e-22
2559,1004,297,8.710499390241899e-26
2560,544,298,2.3164932125296105e-28
2561,613,298,1.0
2562,625,298,8.701014707684208e-09
2563,644,298,1.0384403091011046e-25
2564,684,298,1.066552802863314e-25
2565,697,298,6.000037910780869e-29
2566,732,298,2.7123789805163997e-29
2567,798,298,6.0914284925495485e-27
2568,817,298,2.3374600189012364e-27
2569,885,298,7.228215656480178e-34
2570,926,298,1.8579023028798886e-08
2571,614,299,1.0
2572,605,300,5.3723671582668204e-20
2573,615,300,1.0
2574,543,301,1.2630046138205413e-27
2575,549,301,1.2368695723774564e-33
2576,551,301,1.5869403472568542e-28
2577,595,301,6.508816825584159e-35
2578,597,301,5.1385666400216296e-31
2579,616,301,1.0
2580,695,301,4.616954768508357e-25
2581,703,301,3.5922007964659023e-28
2582,894,301,9.166831741602732e-37
2583,895,301,1.0209225605952266e-37
2584,927,301,1.618076534749118e-12
2585,928,301,7.076044010498085e-14
2586,960,301,1.0721157363814584e-25
2587,983,301,2.987472723662225e-27
2588,1054,301,1.3405985439497781e-24
2589,534,302,2.890074059588378e-29
2590,595,302,6.935573326779171e-31
2591,617,302,1.0
2592,698,302,3.032782088544725e-31
2593,808,302,4.421889331346811e-27
2594,918,302,2.605056170388007e-15
2595,952,302,8.446783469201782e-17
2596,955,302,9.900496975678212e-16
2597,1033,302,5.36030159908784e-26
2598,543,303,2.1229026229195366e-25
2599,568,303,7.0314440852212006e-34
2600,569,303,1.2523845266177674e-32
2601,581,303,3.585877350510112e-29
2602,618,303,1.0
2603,653,303,3.841033278857559e-25
2604,675,303,3.1661570189061834e-29
2605,677,303,9.367678557888414e-22
2606,716,303,6.687128527832388e-32
2607,732,303,4.3071162562271004e-33
2608,752,303,8.426971695309836e-35
2609,755,303,1.0157317055507628e-31
2610,803,303,1.4012833360117732e-32
2611,811,303,1.6548723719301672e-37
2612,879,303,5.8055493183868404e-30
2613,898,303,8.774288658776984e-32
2614,924,303,1.5353340908693717e-14
2615,932,303,6.1889596397686085e-15
2616,1012,303,3.53741168051961e-28
2617,1053,303,1.9353884176272547e-26
2618,1066,303,1.4223035643552447e-30
2619,573,304,3.483000019052387e-34
2620,574,304,4.613309661603613e-32
2621,619,304,1.0
2622,638,304,1.6275942694564426e-24
2623,737,304,5.071638894409627e-34
2624,751,304,2.685212316920806e-38
2625,816,304,1.1876973812536339e-31
2626,936,304,5.499276723279898e-20
2627,568,305,1.0135401634659297e-34
2628,589,305,6.2097209356127115e-30
2629,620,305,1.0
2630,624,305,5.972683974348231e-12
2631,644,305,7.796041314780104e-27
2632,664,305,4.13479223448279e-24
2633,668,305,3.813706217274316e-20
2634,621,306,1.0
2635,732,306,7.035504690531694e-32
2636,622,307,1.0
2637,537,308,1.6384349096801984e-31
2638,560,308,9.006931308007055e-33
2639,561,308,2.0592142640901187e-30
2640,585,308,8.876796274282651e-27
2641,590,308,1.1346642266834835e-20
2642,599,308,3.8888145175596155e-26
2643,602,308,7.505945394375189e-27
2644,612,308,3.8831539589269566e-10
2645,623,308,0.9999999999999989
2646,624,308,0.999999657278654
2647,625,308,1.976268287521683e-06
2648,631,308,5.033127806010692e-22
2649,642,308,3.959979663760209e-26
2650,644,308,2.463326637802229e-24
2651,657,308,8.166749355616602e-23
2652,663,308,4.8191352731590815e-29
2653,674,308,4.3591770873450675e-22
2654,708,308,2.12472058748624e-25
2655,732,308,3.058091096356379e-29
2656,735,308,6.90090105690648e-34
2657,736,308,4.908659046722947e-28
2658,737,308,2.2025581150608563e-32
2659,738,308,1.8388365538505422e-32
2660,739,308,1.3412732253435402e-35
2661,740,308,3.026825770450978e-35
2662,741,308,2.505953267422757e-32
2663,759,308,2.2209744784622372e-27
2664,760,308,1.6962230819118463e-30
2665,766,308,1.9606992216581465e-32
2666,771,308,6.187551271842428e-31
2667,776,308,5.11524943552277e-33
2668,777,308,1.7840230204711663e-33
2669,786,308,3.953368456073982e-35
2670,797,308,5.886016882455655e-35
2671,805,308,1.5458963429937665e-31
2672,835,308,1.7888486276141112e-38
2673,842,308,7.818157103082898e-33
2674,846,308,8.186446646983199e-32
2675,865,308,1.2834062730019024e-39
2676,888,308,2.6485771526876118e-33
2677,905,308,5.359052457460132e-33
2678,918,308,2.221691434024447e-14
2679,921,308,1.3088840326140074e-16
2680,927,308,4.980677498386354e-09
2681,954,308,1.2127755171836545e-14
2682,966,308,6.342446392827193e-26
2683,967,308,1.2384224266443544e-25
2684,995,308,7.413240159824476e-25
2685,996,308,4.183298024526397e-25
2686,1007,308,2.3431761181099188e-24
2687,1046,308,7.834701370364962e-26
2688,1049,308,3.0987950036648195e-26
2689,1050,308,2.0583560566089812e-26
2690,1051,308,5.484169686332116e-26
2691,1066,308,6.181836630941888e-30
2692,568,309,1.0232865841825913e-34
2693,589,309,1.1100869249802738e-25
2694,612,309,2.160189113921878e-09
2695,620,309,2.5528996344005747e-11
2696,623,309,0.9999999723632286
2697,624,309,0.9999999999999963
2698,625,309,1.1475625144283339e-05
2699,644,309,8.743071187064308e-21
2700,664,309,2.0681823065837077e-17
2701,668,309,1.967998094122488e-24
2702,690,309,9.961573583560896e-23
2703,918,309,5.159042974868795e-16
2704,927,309,1.9257460270384778e-08
2705,544,310,2.1779631745185965e-26
2706,623,310,4.892973812948274e-06
2707,624,310,4.648470623854498e-06
2708,625,310,1.0
2709,644,310,1.1916793726174557e-16
2710,684,310,7.7139712366979025e-31
2711,697,310,4.597216247788884e-23
2712,732,310,1.0925025796231106e-26
2713,798,310,1.5324858388219317e-27
2714,817,310,3.907060929260846e-29
2715,885,310,9.422729520169117e-30
2716,926,310,2.395297478766047e-11
2717,626,311,1.0
2718,627,312,1.0
2719,628,313,1.0
2720,629,314,1.0
2721,630,315,1.0
2722,537,316,8.066920227787432e-22
2723,560,316,1.0759411878624558e-20
2724,561,316,1.5046289708579143e-20
2725,585,316,3.0675481809112257e-22
2726,590,316,2.7686273412129104e-24
2727,599,316,3.135395422593071e-23
2728,602,316,5.285949348141842e-21
2729,623,316,5.304317607934064e-22
2730,631,316,1.0
2731,642,316,9.068763478465136e-11
2732,657,316,1.2795547194538456e-17
2733,663,316,2.097348139633071e-19
2734,674,316,2.038414046974355e-20
2735,708,316,4.769237159736057e-22
2736,732,316,1.5349112374177285e-26
2737,735,316,4.368039104601619e-19
2738,736,316,5.225485458762364e-21
2739,737,316,4.511589150440964e-23
2740,738,316,1.324977122208938e-22
2741,739,316,3.763864785112288e-19
2742,740,316,1.4535699622402796e-24
2743,741,316,2.9743673055179127e-22
2744,759,316,3.590516024153057e-20
2745,760,316,1.2501304982116401e-18
2746,766,316,2.418844371586876e-20
2747,771,316,5.607539315266207e-26
2748,776,316,3.344636513045259e-25
2749,777,316,8.570330422493824e-22
2750,786,316,8.968596324218053e-23
2751,797,316,1.8714578397459557e-21
2752,805,316,8.698630379681683e-27
2753,835,316,6.156286425700051e-25
2754,842,316,1.2201182149649108e-24
2755,846,316,3.8126877356387235e-25
2756,865,316,1.741322866668426e-21
2757,888,316,6.452052730470755e-24
2758,905,316,5.848276284503702e-26
2759,921,316,1.78913615023103e-23
2760,954,316,8.24603704699221e-27
2761,966,316,3.203476021007825e-26
2762,967,316,3.5204494958514666e-23
2763,995,316,4.542378802467501e-13
2764,996,316,1.2582976985070102e-12
2765,1007,316,1.0462585723633787e-13
2766,1046,316,6.29780137046611e-14
2767,1049,316,2.3277769984709863e-14
2768,1050,316,1.819650718644609e-15
2769,1051,316,1.0514675227709926e-14
2770,1066,316,1.4918192996902154e-16
2771,632,317,1.0
2772,717,317,4.902023152152529e-21
2773,633,318,1.0
2774,753,318,4.103172408600343e-20
2775,634,319,1.0
2776,781,319,1.0245497739886196e-20
2777,635,320,1.0
2778,636,321,1.0
2779,606,322,2.043612967799823e-27
2780,637,322,1.0
2781,698,322,4.953047154990368e-25
2782,847,322,8.583998617148128e-27
2783,866,322,9.294521607068924e-23
2784,875,322,1.6394349833124037e-28
2785,915,322,3.301794802129586e-23
2786,950,322,1.6877357200380191e-31
2787,1018,322,8.571610994511225e-16
2788,573,323,8.78483031798208e-20
2789,574,323,4.7682020050080976e-21
2790,619,323,1.902250791968169e-22
2791,638,323,1.0
2792,737,323,1.5574601967934527e-21
2793,751,323,5.708948372898881e-23
2794,816,323,1.5703180884007887e-24
2795,936,323,6.743097596389217e-31
2796,639,324,1.0
2797,640,325,1.0
2798,641,326,1.0
2799,537,327,6.8553930315887e-26
2800,560,327,1.1193080693156614e-23
2801,561,327,4.554174801767096e-27
2802,585,327,8.129537749208533e-22
2803,590,327,6.743664577645719e-25
2804,599,327,1.1418313150530748e-21
2805,602,327,1.866698302631554e-22
2806,623,327,9.200418189250408e-26
2807,631,327,5.067066150455139e-09
2808,642,327,1.0
2809,657,327,1.3045361229088613e-20
2810,663,327,4.157648715341147e-19
2811,674,327,3.6507948262103706e-20
2812,708,327,3.9404292806573495e-23
2813,732,327,8.424247662977352e-26
2814,735,327,2.9806390219636558e-21
2815,736,327,3.701225298133751e-25
2816,737,327,7.747635350001292e-23
2817,738,327,2.460643966588617e-21
2818,739,327,1.1423298178625703e-21
2819,740,327,2.3822292202859213e-25
2820,741,327,3.685677869934103e-20
2821,759,327,5.30106569724238e-22
2822,760,327,2.4561932794074334e-19
2823,766,327,1.5079964066451423e-17
2824,771,327,4.901692467467384e-22
2825,776,327,1.491073613153894e-23
2826,777,327,1.589918639303556e-23
2827,786,327,9.183622113877775e-24
2828,797,327,2.8956281257036254e-20
2829,805,327,1.2702716854966123e-24
2830,835,327,4.369094590715292e-22
2831,842,327,2.897425049929432e-26
2832,846,327,7.950424271167995e-22
2833,865,327,2.4920096425515516e-18
2834,888,327,3.7102173329248455e-25
2835,905,327,3.8150085273946137e-22
2836,921,327,3.774458228048809e-27
2837,954,327,5.152808820744924e-25
2838,966,327,3.818762389594789e-24
2839,967,327,1.4036960629788828e-24
2840,995,327,1.0556377842137538e-08
2841,996,327,3.751597231636883e-13
2842,1007,327,4.1120057135552016e-15
2843,1046,327,2.0989991142006443e-12
2844,1049,327,1.0208330947321826e-12
2845,1050,327,7.816124374833299e-15
2846,1051,327,2.6315250453204854e-13
2847,1066,327,1.6792815893714203e-14
2848,643,328,1.0
2849,568,329,2.8449553630552725e-22
2850,589,329,7.745595702913874e-24
2851,591,329,1.879961669821567e-22
2852,620,329,7.607051133878405e-26
2853,623,329,2.6024901486885592e-24
2854,624,329,4.383471781727254e-21
2855,625,329,1.7060520175606073e-18
2856,644,329,1.0
2857,664,329,2.5183878083338063e-17
2858,668,329,4.035208653277791e-20
2859,690,329,9.012213515085693e-19
2860,876,329,2.4038435444834645e-22
2861,645,330,1.0
2862,537,331,1.4730867669829149e-31
2863,560,331,3.099750557949526e-31
2864,561,331,2.3481489132921702e-32
2865,585,331,3.8388710214554926e-26
2866,590,331,1.1927094285177088e-23
2867,599,331,1.345508301286384e-29
2868,602,331,1.2976950884824364e-30
2869,623,331,3.720475442626919e-08
2870,624,331,8.056473170841458e-11
2871,625,331,1.0
2872,631,331,4.188742513605824e-25
2873,642,331,4.64058681754785e-25
2874,644,331,1.5784528083910028e-21
2875,657,331,9.239525090997952e-24
2876,663,331,7.124691760553133e-28
2877,674,331,1.3608574172458291e-27
2878,708,331,9.70052738520181e-27
2879,732,331,5.968021955053413e-28
2880,735,331,5.836261367458453e-35
2881,736,331,1.0003453369391599e-28
2882,737,331,7.081592559964871e-30
2883,738,331,4.7711751116666575e-35
2884,739,331,4.986385118518765e-35
2885,740,331,5.052721652942691e-37
2886,741,331,5.868715306705192e-32
2887,759,331,2.6354699013387376e-30
2888,760,331,3.1859555676491395e-30
2889,766,331,1.7737969083795928e-33
2890,771,331,2.2529133990511787e-31
2891,776,331,2.7060194663999565e-37
2892,777,331,7.32311007086965e-32
2893,786,331,3.0492961249945355e-34
2894,797,331,2.0485874779409424e-28
2895,805,331,1.76031429807806e-33
2896,835,331,7.589164390981803e-30
2897,842,331,1.4067389203099729e-30
2898,846,331,1.457305784713124e-28
2899,865,331,3.7172775015201618e-34
2900,888,331,5.33614800152121e-32
2901,905,331,2.4890803933911445e-30
2902,917,331,4.4379043427425307e-13
2903,921,331,3.406902470568185e-17
2904,954,331,2.4244754414633952e-14
2905,966,331,1.1625256842151495e-26
2906,967,331,1.76298883467188e-26
2907,995,331,6.31290200380211e-20
2908,996,331,1.4267050813926376e-21
2909,1007,331,8.125389090652843e-20
2910,1046,331,5.0448326113910164e-24
2911,1049,331,3.4869728625982916e-21
2912,1050,331,2.696450663561152e-21
2913,1051,331,1.8710777488931617e-23
2914,1066,331,5.625792648186472e-25
